student_id,subject,assessment_title,assessment_date,score,max_score,pass_mark
S001,Maths,Assessment 1,2026-01-20,48.0,100.0,50.0
S001,Maths,Assessment 2,2026-03-20,42.0,100.0,50.0
S001,Maths,Assessment 3,2026-06-20,35.0,100.0,50.0
S001,English,Assessment 1,2026-01-20,48.0,100.0,50.0
S001,English,Assessment 2,2026-03-20,42.0,100.0,50.0
S001,English,Assessment 3,2026-06-20,35.0,100.0,50.0
S001,Science,Assessment 1,2026-01-20,48.0,100.0,50.0
S001,Science,Assessment 2,2026-03-20,42.0,100.0,50.0
S001,Science,Assessment 3,2026-06-20,35.0,100.0,50.0
S001,History,Assessment 1,2026-01-20,48.0,100.0,50.0
S001,History,Assessment 2,2026-03-20,42.0,100.0,50.0
S001,History,Assessment 3,2026-06-20,35.0,100.0,50.0
S001,Geography,Assessment 1,2026-01-20,48.0,100.0,50.0
S001,Geography,Assessment 2,2026-03-20,42.0,100.0,50.0
S001,Geography,Assessment 3,2026-06-20,35.0,100.0,50.0
S002,Maths,Assessment 1,2026-01-20,46.0,100.0,50.0
S002,Maths,Assessment 2,2026-03-20,43.0,100.0,50.0
S002,Maths,Assessment 3,2026-06-20,39.0,100.0,50.0
S002,English,Assessment 1,2026-01-20,46.0,100.0,50.0
S002,English,Assessment 2,2026-03-20,43.0,100.0,50.0
S002,English,Assessment 3,2026-06-20,39.0,100.0,50.0
S002,Science,Assessment 1,2026-01-20,46.0,100.0,50.0
S002,Science,Assessment 2,2026-03-20,43.0,100.0,50.0
S002,Science,Assessment 3,2026-06-20,39.0,100.0,50.0
S002,History,Assessment 1,2026-01-20,46.0,100.0,50.0
S002,History,Assessment 2,2026-03-20,43.0,100.0,50.0
S002,History,Assessment 3,2026-06-20,39.0,100.0,50.0
S002,Geography,Assessment 1,2026-01-20,46.0,100.0,50.0
S002,Geography,Assessment 2,2026-03-20,43.0,100.0,50.0
S002,Geography,Assessment 3,2026-06-20,39.0,100.0,50.0
S003,Maths,Assessment 1,2026-01-20,49.0,100.0,50.0
S003,Maths,Assessment 2,2026-03-20,45.0,100.0,50.0
S003,Maths,Assessment 3,2026-06-20,41.0,100.0,50.0
S003,English,Assessment 1,2026-01-20,49.0,100.0,50.0
S003,English,Assessment 2,2026-03-20,45.0,100.0,50.0
S003,English,Assessment 3,2026-06-20,41.0,100.0,50.0
S003,Science,Assessment 1,2026-01-20,49.0,100.0,50.0
S003,Science,Assessment 2,2026-03-20,45.0,100.0,50.0
S003,Science,Assessment 3,2026-06-20,41.0,100.0,50.0
S003,History,Assessment 1,2026-01-20,49.0,100.0,50.0
S003,History,Assessment 2,2026-03-20,45.0,100.0,50.0
S003,History,Assessment 3,2026-06-20,41.0,100.0,50.0
S003,Geography,Assessment 1,2026-01-20,49.0,100.0,50.0
S003,Geography,Assessment 2,2026-03-20,45.0,100.0,50.0
S003,Geography,Assessment 3,2026-06-20,41.0,100.0,50.0
S004,Maths,Assessment 1,2026-01-20,68.0,100.0,50.0
S004,Maths,Assessment 2,2026-03-20,76.0,100.0,50.0
S004,Maths,Assessment 3,2026-06-20,82.0,100.0,50.0
S004,English,Assessment 1,2026-01-20,68.0,100.0,50.0
S004,English,Assessment 2,2026-03-20,76.0,100.0,50.0
S004,English,Assessment 3,2026-06-20,82.0,100.0,50.0
S004,Science,Assessment 1,2026-01-20,68.0,100.0,50.0
S004,Science,Assessment 2,2026-03-20,76.0,100.0,50.0
S004,Science,Assessment 3,2026-06-20,82.0,100.0,50.0
S004,History,Assessment 1,2026-01-20,68.0,100.0,50.0
S004,History,Assessment 2,2026-03-20,76.0,100.0,50.0
S004,History,Assessment 3,2026-06-20,82.0,100.0,50.0
S004,Geography,Assessment 1,2026-01-20,68.0,100.0,50.0
S004,Geography,Assessment 2,2026-03-20,76.0,100.0,50.0
S004,Geography,Assessment 3,2026-06-20,82.0,100.0,50.0
S005,Maths,Assessment 1,2026-01-20,75.0,100.0,50.0
S005,Maths,Assessment 2,2026-03-20,80.0,100.0,50.0
S005,Maths,Assessment 3,2026-06-20,86.0,100.0,50.0
S005,English,Assessment 1,2026-01-20,75.0,100.0,50.0
S005,English,Assessment 2,2026-03-20,80.0,100.0,50.0
S005,English,Assessment 3,2026-06-20,86.0,100.0,50.0
S005,Science,Assessment 1,2026-01-20,75.0,100.0,50.0
S005,Science,Assessment 2,2026-03-20,80.0,100.0,50.0
S005,Science,Assessment 3,2026-06-20,86.0,100.0,50.0
S005,History,Assessment 1,2026-01-20,75.0,100.0,50.0
S005,History,Assessment 2,2026-03-20,80.0,100.0,50.0
S005,History,Assessment 3,2026-06-20,86.0,100.0,50.0
S005,Geography,Assessment 1,2026-01-20,75.0,100.0,50.0
S005,Geography,Assessment 2,2026-03-20,80.0,100.0,50.0
S005,Geography,Assessment 3,2026-06-20,86.0,100.0,50.0
S006,Maths,Assessment 1,2026-01-20,65.0,100.0,50.0
S006,Maths,Assessment 2,2026-03-20,72.0,100.0,50.0
S006,Maths,Assessment 3,2026-06-20,78.0,100.0,50.0
S006,English,Assessment 1,2026-01-20,65.0,100.0,50.0
S006,English,Assessment 2,2026-03-20,72.0,100.0,50.0
S006,English,Assessment 3,2026-06-20,78.0,100.0,50.0
S006,Science,Assessment 1,2026-01-20,65.0,100.0,50.0
S006,Science,Assessment 2,2026-03-20,72.0,100.0,50.0
S006,Science,Assessment 3,2026-06-20,78.0,100.0,50.0
S006,History,Assessment 1,2026-01-20,65.0,100.0,50.0
S006,History,Assessment 2,2026-03-20,72.0,100.0,50.0
S006,History,Assessment 3,2026-06-20,78.0,100.0,50.0
S006,Geography,Assessment 1,2026-01-20,65.0,100.0,50.0
S006,Geography,Assessment 2,2026-03-20,72.0,100.0,50.0
S006,Geography,Assessment 3,2026-06-20,78.0,100.0,50.0
S007,Maths,Assessment 1,2026-01-20,58.0,100.0,50.0
S007,Maths,Assessment 2,2026-03-20,55.0,100.0,50.0
S007,Maths,Assessment 3,2026-06-20,52.0,100.0,50.0
S007,English,Assessment 1,2026-01-20,58.0,100.0,50.0
S007,English,Assessment 2,2026-03-20,55.0,100.0,50.0
S007,English,Assessment 3,2026-06-20,52.0,100.0,50.0
S007,Science,Assessment 1,2026-01-20,58.0,100.0,50.0
S007,Science,Assessment 2,2026-03-20,55.0,100.0,50.0
S007,Science,Assessment 3,2026-06-20,52.0,100.0,50.0
S007,History,Assessment 1,2026-01-20,58.0,100.0,50.0
S007,History,Assessment 2,2026-03-20,55.0,100.0,50.0
S007,History,Assessment 3,2026-06-20,52.0,100.0,50.0
S007,Geography,Assessment 1,2026-01-20,58.0,100.0,50.0
S007,Geography,Assessment 2,2026-03-20,55.0,100.0,50.0
S007,Geography,Assessment 3,2026-06-20,52.0,100.0,50.0
S008,Maths,Assessment 1,2026-01-20,62.0,100.0,50.0
S008,Maths,Assessment 2,2026-03-20,58.0,100.0,50.0
S008,Maths,Assessment 3,2026-06-20,54.0,100.0,50.0
S008,English,Assessment 1,2026-01-20,62.0,100.0,50.0
S008,English,Assessment 2,2026-03-20,58.0,100.0,50.0
S008,English,Assessment 3,2026-06-20,54.0,100.0,50.0
S008,Science,Assessment 1,2026-01-20,62.0,100.0,50.0
S008,Science,Assessment 2,2026-03-20,58.0,100.0,50.0
S008,Science,Assessment 3,2026-06-20,54.0,100.0,50.0
S008,History,Assessment 1,2026-01-20,62.0,100.0,50.0
S008,History,Assessment 2,2026-03-20,58.0,100.0,50.0
S008,History,Assessment 3,2026-06-20,54.0,100.0,50.0
S008,Geography,Assessment 1,2026-01-20,62.0,100.0,50.0
S008,Geography,Assessment 2,2026-03-20,58.0,100.0,50.0
S008,Geography,Assessment 3,2026-06-20,54.0,100.0,50.0
S009,Maths,Assessment 1,2026-01-20,56.0,100.0,50.0
S009,Maths,Assessment 2,2026-03-20,54.0,100.0,50.0
S009,Maths,Assessment 3,2026-06-20,51.0,100.0,50.0
S009,English,Assessment 1,2026-01-20,56.0,100.0,50.0
S009,English,Assessment 2,2026-03-20,54.0,100.0,50.0
S009,English,Assessment 3,2026-06-20,51.0,100.0,50.0
S009,Science,Assessment 1,2026-01-20,56.0,100.0,50.0
S009,Science,Assessment 2,2026-03-20,54.0,100.0,50.0
S009,Science,Assessment 3,2026-06-20,51.0,100.0,50.0
S009,History,Assessment 1,2026-01-20,56.0,100.0,50.0
S009,History,Assessment 2,2026-03-20,54.0,100.0,50.0
S009,History,Assessment 3,2026-06-20,51.0,100.0,50.0
S009,Geography,Assessment 1,2026-01-20,56.0,100.0,50.0
S009,Geography,Assessment 2,2026-03-20,54.0,100.0,50.0
S009,Geography,Assessment 3,2026-06-20,51.0,100.0,50.0
S010,Maths,Assessment 1,2026-01-20,65.0,100.0,50.0
S010,English,Assessment 1,2026-01-20,65.0,100.0,50.0
S010,Science,Assessment 1,2026-01-20,65.0,100.0,50.0
S010,History,Assessment 1,2026-01-20,65.0,100.0,50.0
S010,Geography,Assessment 1,2026-01-20,65.0,100.0,50.0
S011,Maths,Assessment 1,2026-01-20,48.0,100.0,50.0
S011,Maths,Assessment 2,2026-03-20,42.0,100.0,50.0
S011,Maths,Assessment 3,2026-06-20,35.0,100.0,50.0
S011,English,Assessment 1,2026-01-20,48.0,100.0,50.0
S011,English,Assessment 2,2026-03-20,42.0,100.0,50.0
S011,English,Assessment 3,2026-06-20,35.0,100.0,50.0
S011,Science,Assessment 1,2026-01-20,48.0,100.0,50.0
S011,Science,Assessment 2,2026-03-20,42.0,100.0,50.0
S011,Science,Assessment 3,2026-06-20,35.0,100.0,50.0
S011,History,Assessment 1,2026-01-20,48.0,100.0,50.0
S011,History,Assessment 2,2026-03-20,42.0,100.0,50.0
S011,History,Assessment 3,2026-06-20,35.0,100.0,50.0
S011,Geography,Assessment 1,2026-01-20,48.0,100.0,50.0
S011,Geography,Assessment 2,2026-03-20,42.0,100.0,50.0
S011,Geography,Assessment 3,2026-06-20,35.0,100.0,50.0
S012,Maths,Assessment 1,2026-01-20,46.0,100.0,50.0
S012,Maths,Assessment 2,2026-03-20,43.0,100.0,50.0
S012,Maths,Assessment 3,2026-06-20,39.0,100.0,50.0
S012,English,Assessment 1,2026-01-20,46.0,100.0,50.0
S012,English,Assessment 2,2026-03-20,43.0,100.0,50.0
S012,English,Assessment 3,2026-06-20,39.0,100.0,50.0
S012,Science,Assessment 1,2026-01-20,46.0,100.0,50.0
S012,Science,Assessment 2,2026-03-20,43.0,100.0,50.0
S012,Science,Assessment 3,2026-06-20,39.0,100.0,50.0
S012,History,Assessment 1,2026-01-20,46.0,100.0,50.0
S012,History,Assessment 2,2026-03-20,43.0,100.0,50.0
S012,History,Assessment 3,2026-06-20,39.0,100.0,50.0
S012,Geography,Assessment 1,2026-01-20,46.0,100.0,50.0
S012,Geography,Assessment 2,2026-03-20,43.0,100.0,50.0
S012,Geography,Assessment 3,2026-06-20,39.0,100.0,50.0
S013,Maths,Assessment 1,2026-01-20,49.0,100.0,50.0
S013,Maths,Assessment 2,2026-03-20,45.0,100.0,50.0
S013,Maths,Assessment 3,2026-06-20,41.0,100.0,50.0
S013,English,Assessment 1,2026-01-20,49.0,100.0,50.0
S013,English,Assessment 2,2026-03-20,45.0,100.0,50.0
S013,English,Assessment 3,2026-06-20,41.0,100.0,50.0
S013,Science,Assessment 1,2026-01-20,49.0,100.0,50.0
S013,Science,Assessment 2,2026-03-20,45.0,100.0,50.0
S013,Science,Assessment 3,2026-06-20,41.0,100.0,50.0
S013,History,Assessment 1,2026-01-20,49.0,100.0,50.0
S013,History,Assessment 2,2026-03-20,45.0,100.0,50.0
S013,History,Assessment 3,2026-06-20,41.0,100.0,50.0
S013,Geography,Assessment 1,2026-01-20,49.0,100.0,50.0
S013,Geography,Assessment 2,2026-03-20,45.0,100.0,50.0
S013,Geography,Assessment 3,2026-06-20,41.0,100.0,50.0
S014,Maths,Assessment 1,2026-01-20,68.0,100.0,50.0
S014,Maths,Assessment 2,2026-03-20,76.0,100.0,50.0
S014,Maths,Assessment 3,2026-06-20,82.0,100.0,50.0
S014,English,Assessment 1,2026-01-20,68.0,100.0,50.0
S014,English,Assessment 2,2026-03-20,76.0,100.0,50.0
S014,English,Assessment 3,2026-06-20,82.0,100.0,50.0
S014,Science,Assessment 1,2026-01-20,68.0,100.0,50.0
S014,Science,Assessment 2,2026-03-20,76.0,100.0,50.0
S014,Science,Assessment 3,2026-06-20,82.0,100.0,50.0
S014,History,Assessment 1,2026-01-20,68.0,100.0,50.0
S014,History,Assessment 2,2026-03-20,76.0,100.0,50.0
S014,History,Assessment 3,2026-06-20,82.0,100.0,50.0
S014,Geography,Assessment 1,2026-01-20,68.0,100.0,50.0
S014,Geography,Assessment 2,2026-03-20,76.0,100.0,50.0
S014,Geography,Assessment 3,2026-06-20,82.0,100.0,50.0
S015,Maths,Assessment 1,2026-01-20,75.0,100.0,50.0
S015,Maths,Assessment 2,2026-03-20,80.0,100.0,50.0
S015,Maths,Assessment 3,2026-06-20,86.0,100.0,50.0
S015,English,Assessment 1,2026-01-20,75.0,100.0,50.0
S015,English,Assessment 2,2026-03-20,80.0,100.0,50.0
S015,English,Assessment 3,2026-06-20,86.0,100.0,50.0
S015,Science,Assessment 1,2026-01-20,75.0,100.0,50.0
S015,Science,Assessment 2,2026-03-20,80.0,100.0,50.0
S015,Science,Assessment 3,2026-06-20,86.0,100.0,50.0
S015,History,Assessment 1,2026-01-20,75.0,100.0,50.0
S015,History,Assessment 2,2026-03-20,80.0,100.0,50.0
S015,History,Assessment 3,2026-06-20,86.0,100.0,50.0
S015,Geography,Assessment 1,2026-01-20,75.0,100.0,50.0
S015,Geography,Assessment 2,2026-03-20,80.0,100.0,50.0
S015,Geography,Assessment 3,2026-06-20,86.0,100.0,50.0
S016,Maths,Assessment 1,2026-01-20,65.0,100.0,50.0
S016,Maths,Assessment 2,2026-03-20,72.0,100.0,50.0
S016,Maths,Assessment 3,2026-06-20,78.0,100.0,50.0
S016,English,Assessment 1,2026-01-20,65.0,100.0,50.0
S016,English,Assessment 2,2026-03-20,72.0,100.0,50.0
S016,English,Assessment 3,2026-06-20,78.0,100.0,50.0
S016,Science,Assessment 1,2026-01-20,65.0,100.0,50.0
S016,Science,Assessment 2,2026-03-20,72.0,100.0,50.0
S016,Science,Assessment 3,2026-06-20,78.0,100.0,50.0
S016,History,Assessment 1,2026-01-20,65.0,100.0,50.0
S016,History,Assessment 2,2026-03-20,72.0,100.0,50.0
S016,History,Assessment 3,2026-06-20,78.0,100.0,50.0
S016,Geography,Assessment 1,2026-01-20,65.0,100.0,50.0
S016,Geography,Assessment 2,2026-03-20,72.0,100.0,50.0
S016,Geography,Assessment 3,2026-06-20,78.0,100.0,50.0
S017,Maths,Assessment 1,2026-01-20,58.0,100.0,50.0
S017,Maths,Assessment 2,2026-03-20,55.0,100.0,50.0
S017,Maths,Assessment 3,2026-06-20,52.0,100.0,50.0
S017,English,Assessment 1,2026-01-20,58.0,100.0,50.0
S017,English,Assessment 2,2026-03-20,55.0,100.0,50.0
S017,English,Assessment 3,2026-06-20,52.0,100.0,50.0
S017,Science,Assessment 1,2026-01-20,58.0,100.0,50.0
S017,Science,Assessment 2,2026-03-20,55.0,100.0,50.0
S017,Science,Assessment 3,2026-06-20,52.0,100.0,50.0
S017,History,Assessment 1,2026-01-20,58.0,100.0,50.0
S017,History,Assessment 2,2026-03-20,55.0,100.0,50.0
S017,History,Assessment 3,2026-06-20,52.0,100.0,50.0
S017,Geography,Assessment 1,2026-01-20,58.0,100.0,50.0
S017,Geography,Assessment 2,2026-03-20,55.0,100.0,50.0
S017,Geography,Assessment 3,2026-06-20,52.0,100.0,50.0
S018,Maths,Assessment 1,2026-01-20,62.0,100.0,50.0
S018,Maths,Assessment 2,2026-03-20,58.0,100.0,50.0
S018,Maths,Assessment 3,2026-06-20,54.0,100.0,50.0
S018,English,Assessment 1,2026-01-20,62.0,100.0,50.0
S018,English,Assessment 2,2026-03-20,58.0,100.0,50.0
S018,English,Assessment 3,2026-06-20,54.0,100.0,50.0
S018,Science,Assessment 1,2026-01-20,62.0,100.0,50.0
S018,Science,Assessment 2,2026-03-20,58.0,100.0,50.0
S018,Science,Assessment 3,2026-06-20,54.0,100.0,50.0
S018,History,Assessment 1,2026-01-20,62.0,100.0,50.0
S018,History,Assessment 2,2026-03-20,58.0,100.0,50.0
S018,History,Assessment 3,2026-06-20,54.0,100.0,50.0
S018,Geography,Assessment 1,2026-01-20,62.0,100.0,50.0
S018,Geography,Assessment 2,2026-03-20,58.0,100.0,50.0
S018,Geography,Assessment 3,2026-06-20,54.0,100.0,50.0
S019,Maths,Assessment 1,2026-01-20,56.0,100.0,50.0
S019,Maths,Assessment 2,2026-03-20,54.0,100.0,50.0
S019,Maths,Assessment 3,2026-06-20,51.0,100.0,50.0
S019,English,Assessment 1,2026-01-20,56.0,100.0,50.0
S019,English,Assessment 2,2026-03-20,54.0,100.0,50.0
S019,English,Assessment 3,2026-06-20,51.0,100.0,50.0
S019,Science,Assessment 1,2026-01-20,56.0,100.0,50.0
S019,Science,Assessment 2,2026-03-20,54.0,100.0,50.0
S019,Science,Assessment 3,2026-06-20,51.0,100.0,50.0
S019,History,Assessment 1,2026-01-20,56.0,100.0,50.0
S019,History,Assessment 2,2026-03-20,54.0,100.0,50.0
S019,History,Assessment 3,2026-06-20,51.0,100.0,50.0
S019,Geography,Assessment 1,2026-01-20,56.0,100.0,50.0
S019,Geography,Assessment 2,2026-03-20,54.0,100.0,50.0
S019,Geography,Assessment 3,2026-06-20,51.0,100.0,50.0
S020,Maths,Assessment 1,2026-01-20,65.0,100.0,50.0
S020,English,Assessment 1,2026-01-20,65.0,100.0,50.0
S020,Science,Assessment 1,2026-01-20,65.0,100.0,50.0
S020,History,Assessment 1,2026-01-20,65.0,100.0,50.0
S020,Geography,Assessment 1,2026-01-20,65.0,100.0,50.0
S021,Maths,Assessment 1,2026-01-20,48.0,100.0,50.0
S021,Maths,Assessment 2,2026-03-20,42.0,100.0,50.0
S021,Maths,Assessment 3,2026-06-20,35.0,100.0,50.0
S021,English,Assessment 1,2026-01-20,48.0,100.0,50.0
S021,English,Assessment 2,2026-03-20,42.0,100.0,50.0
S021,English,Assessment 3,2026-06-20,35.0,100.0,50.0
S021,Science,Assessment 1,2026-01-20,48.0,100.0,50.0
S021,Science,Assessment 2,2026-03-20,42.0,100.0,50.0
S021,Science,Assessment 3,2026-06-20,35.0,100.0,50.0
S021,History,Assessment 1,2026-01-20,48.0,100.0,50.0
S021,History,Assessment 2,2026-03-20,42.0,100.0,50.0
S021,History,Assessment 3,2026-06-20,35.0,100.0,50.0
S021,Geography,Assessment 1,2026-01-20,48.0,100.0,50.0
S021,Geography,Assessment 2,2026-03-20,42.0,100.0,50.0
S021,Geography,Assessment 3,2026-06-20,35.0,100.0,50.0
S022,Maths,Assessment 1,2026-01-20,46.0,100.0,50.0
S022,Maths,Assessment 2,2026-03-20,43.0,100.0,50.0
S022,Maths,Assessment 3,2026-06-20,39.0,100.0,50.0
S022,English,Assessment 1,2026-01-20,46.0,100.0,50.0
S022,English,Assessment 2,2026-03-20,43.0,100.0,50.0
S022,English,Assessment 3,2026-06-20,39.0,100.0,50.0
S022,Science,Assessment 1,2026-01-20,46.0,100.0,50.0
S022,Science,Assessment 2,2026-03-20,43.0,100.0,50.0
S022,Science,Assessment 3,2026-06-20,39.0,100.0,50.0
S022,History,Assessment 1,2026-01-20,46.0,100.0,50.0
S022,History,Assessment 2,2026-03-20,43.0,100.0,50.0
S022,History,Assessment 3,2026-06-20,39.0,100.0,50.0
S022,Geography,Assessment 1,2026-01-20,46.0,100.0,50.0
S022,Geography,Assessment 2,2026-03-20,43.0,100.0,50.0
S022,Geography,Assessment 3,2026-06-20,39.0,100.0,50.0
S023,Maths,Assessment 1,2026-01-20,49.0,100.0,50.0
S023,Maths,Assessment 2,2026-03-20,45.0,100.0,50.0
S023,Maths,Assessment 3,2026-06-20,41.0,100.0,50.0
S023,English,Assessment 1,2026-01-20,49.0,100.0,50.0
S023,English,Assessment 2,2026-03-20,45.0,100.0,50.0
S023,English,Assessment 3,2026-06-20,41.0,100.0,50.0
S023,Science,Assessment 1,2026-01-20,49.0,100.0,50.0
S023,Science,Assessment 2,2026-03-20,45.0,100.0,50.0
S023,Science,Assessment 3,2026-06-20,41.0,100.0,50.0
S023,History,Assessment 1,2026-01-20,49.0,100.0,50.0
S023,History,Assessment 2,2026-03-20,45.0,100.0,50.0
S023,History,Assessment 3,2026-06-20,41.0,100.0,50.0
S023,Geography,Assessment 1,2026-01-20,49.0,100.0,50.0
S023,Geography,Assessment 2,2026-03-20,45.0,100.0,50.0
S023,Geography,Assessment 3,2026-06-20,41.0,100.0,50.0
S024,Maths,Assessment 1,2026-01-20,68.0,100.0,50.0
S024,Maths,Assessment 2,2026-03-20,76.0,100.0,50.0
S024,Maths,Assessment 3,2026-06-20,82.0,100.0,50.0
S024,English,Assessment 1,2026-01-20,68.0,100.0,50.0
S024,English,Assessment 2,2026-03-20,76.0,100.0,50.0
S024,English,Assessment 3,2026-06-20,82.0,100.0,50.0
S024,Science,Assessment 1,2026-01-20,68.0,100.0,50.0
S024,Science,Assessment 2,2026-03-20,76.0,100.0,50.0
S024,Science,Assessment 3,2026-06-20,82.0,100.0,50.0
S024,History,Assessment 1,2026-01-20,68.0,100.0,50.0
S024,History,Assessment 2,2026-03-20,76.0,100.0,50.0
S024,History,Assessment 3,2026-06-20,82.0,100.0,50.0
S024,Geography,Assessment 1,2026-01-20,68.0,100.0,50.0
S024,Geography,Assessment 2,2026-03-20,76.0,100.0,50.0
S024,Geography,Assessment 3,2026-06-20,82.0,100.0,50.0
S025,Maths,Assessment 1,2026-01-20,75.0,100.0,50.0
S025,Maths,Assessment 2,2026-03-20,80.0,100.0,50.0
S025,Maths,Assessment 3,2026-06-20,86.0,100.0,50.0
S025,English,Assessment 1,2026-01-20,75.0,100.0,50.0
S025,English,Assessment 2,2026-03-20,80.0,100.0,50.0
S025,English,Assessment 3,2026-06-20,86.0,100.0,50.0
S025,Science,Assessment 1,2026-01-20,75.0,100.0,50.0
S025,Science,Assessment 2,2026-03-20,80.0,100.0,50.0
S025,Science,Assessment 3,2026-06-20,86.0,100.0,50.0
S025,History,Assessment 1,2026-01-20,75.0,100.0,50.0
S025,History,Assessment 2,2026-03-20,80.0,100.0,50.0
S025,History,Assessment 3,2026-06-20,86.0,100.0,50.0
S025,Geography,Assessment 1,2026-01-20,75.0,100.0,50.0
S025,Geography,Assessment 2,2026-03-20,80.0,100.0,50.0
S025,Geography,Assessment 3,2026-06-20,86.0,100.0,50.0
S026,Maths,Assessment 1,2026-01-20,65.0,100.0,50.0
S026,Maths,Assessment 2,2026-03-20,72.0,100.0,50.0
S026,Maths,Assessment 3,2026-06-20,78.0,100.0,50.0
S026,English,Assessment 1,2026-01-20,65.0,100.0,50.0
S026,English,Assessment 2,2026-03-20,72.0,100.0,50.0
S026,English,Assessment 3,2026-06-20,78.0,100.0,50.0
S026,Science,Assessment 1,2026-01-20,65.0,100.0,50.0
S026,Science,Assessment 2,2026-03-20,72.0,100.0,50.0
S026,Science,Assessment 3,2026-06-20,78.0,100.0,50.0
S026,History,Assessment 1,2026-01-20,65.0,100.0,50.0
S026,History,Assessment 2,2026-03-20,72.0,100.0,50.0
S026,History,Assessment 3,2026-06-20,78.0,100.0,50.0
S026,Geography,Assessment 1,2026-01-20,65.0,100.0,50.0
S026,Geography,Assessment 2,2026-03-20,72.0,100.0,50.0
S026,Geography,Assessment 3,2026-06-20,78.0,100.0,50.0
S027,Maths,Assessment 1,2026-01-20,58.0,100.0,50.0
S027,Maths,Assessment 2,2026-03-20,55.0,100.0,50.0
S027,Maths,Assessment 3,2026-06-20,52.0,100.0,50.0
S027,English,Assessment 1,2026-01-20,58.0,100.0,50.0
S027,English,Assessment 2,2026-03-20,55.0,100.0,50.0
S027,English,Assessment 3,2026-06-20,52.0,100.0,50.0
S027,Science,Assessment 1,2026-01-20,58.0,100.0,50.0
S027,Science,Assessment 2,2026-03-20,55.0,100.0,50.0
S027,Science,Assessment 3,2026-06-20,52.0,100.0,50.0
S027,History,Assessment 1,2026-01-20,58.0,100.0,50.0
S027,History,Assessment 2,2026-03-20,55.0,100.0,50.0
S027,History,Assessment 3,2026-06-20,52.0,100.0,50.0
S027,Geography,Assessment 1,2026-01-20,58.0,100.0,50.0
S027,Geography,Assessment 2,2026-03-20,55.0,100.0,50.0
S027,Geography,Assessment 3,2026-06-20,52.0,100.0,50.0
S028,Maths,Assessment 1,2026-01-20,62.0,100.0,50.0
S028,Maths,Assessment 2,2026-03-20,58.0,100.0,50.0
S028,Maths,Assessment 3,2026-06-20,54.0,100.0,50.0
S028,English,Assessment 1,2026-01-20,62.0,100.0,50.0
S028,English,Assessment 2,2026-03-20,58.0,100.0,50.0
S028,English,Assessment 3,2026-06-20,54.0,100.0,50.0
S028,Science,Assessment 1,2026-01-20,62.0,100.0,50.0
S028,Science,Assessment 2,2026-03-20,58.0,100.0,50.0
S028,Science,Assessment 3,2026-06-20,54.0,100.0,50.0
S028,History,Assessment 1,2026-01-20,62.0,100.0,50.0
S028,History,Assessment 2,2026-03-20,58.0,100.0,50.0
S028,History,Assessment 3,2026-06-20,54.0,100.0,50.0
S028,Geography,Assessment 1,2026-01-20,62.0,100.0,50.0
S028,Geography,Assessment 2,2026-03-20,58.0,100.0,50.0
S028,Geography,Assessment 3,2026-06-20,54.0,100.0,50.0
S029,Maths,Assessment 1,2026-01-20,56.0,100.0,50.0
S029,Maths,Assessment 2,2026-03-20,54.0,100.0,50.0
S029,Maths,Assessment 3,2026-06-20,51.0,100.0,50.0
S029,English,Assessment 1,2026-01-20,56.0,100.0,50.0
S029,English,Assessment 2,2026-03-20,54.0,100.0,50.0
S029,English,Assessment 3,2026-06-20,51.0,100.0,50.0
S029,Science,Assessment 1,2026-01-20,56.0,100.0,50.0
S029,Science,Assessment 2,2026-03-20,54.0,100.0,50.0
S029,Science,Assessment 3,2026-06-20,51.0,100.0,50.0
S029,History,Assessment 1,2026-01-20,56.0,100.0,50.0
S029,History,Assessment 2,2026-03-20,54.0,100.0,50.0
S029,History,Assessment 3,2026-06-20,51.0,100.0,50.0
S029,Geography,Assessment 1,2026-01-20,56.0,100.0,50.0
S029,Geography,Assessment 2,2026-03-20,54.0,100.0,50.0
S029,Geography,Assessment 3,2026-06-20,51.0,100.0,50.0
S030,Maths,Assessment 1,2026-01-20,65.0,100.0,50.0
S030,English,Assessment 1,2026-01-20,65.0,100.0,50.0
S030,Science,Assessment 1,2026-01-20,65.0,100.0,50.0
S030,History,Assessment 1,2026-01-20,65.0,100.0,50.0
S030,Geography,Assessment 1,2026-01-20,65.0,100.0,50.0
S031,Maths,Assessment 1,2026-01-20,48.0,100.0,50.0
S031,Maths,Assessment 2,2026-03-20,42.0,100.0,50.0
S031,Maths,Assessment 3,2026-06-20,35.0,100.0,50.0
S031,English,Assessment 1,2026-01-20,48.0,100.0,50.0
S031,English,Assessment 2,2026-03-20,42.0,100.0,50.0
S031,English,Assessment 3,2026-06-20,35.0,100.0,50.0
S031,Science,Assessment 1,2026-01-20,48.0,100.0,50.0
S031,Science,Assessment 2,2026-03-20,42.0,100.0,50.0
S031,Science,Assessment 3,2026-06-20,35.0,100.0,50.0
S031,History,Assessment 1,2026-01-20,48.0,100.0,50.0
S031,History,Assessment 2,2026-03-20,42.0,100.0,50.0
S031,History,Assessment 3,2026-06-20,35.0,100.0,50.0
S031,Geography,Assessment 1,2026-01-20,48.0,100.0,50.0
S031,Geography,Assessment 2,2026-03-20,42.0,100.0,50.0
S031,Geography,Assessment 3,2026-06-20,35.0,100.0,50.0
S032,Maths,Assessment 1,2026-01-20,46.0,100.0,50.0
S032,Maths,Assessment 2,2026-03-20,43.0,100.0,50.0
S032,Maths,Assessment 3,2026-06-20,39.0,100.0,50.0
S032,English,Assessment 1,2026-01-20,46.0,100.0,50.0
S032,English,Assessment 2,2026-03-20,43.0,100.0,50.0
S032,English,Assessment 3,2026-06-20,39.0,100.0,50.0
S032,Science,Assessment 1,2026-01-20,46.0,100.0,50.0
S032,Science,Assessment 2,2026-03-20,43.0,100.0,50.0
S032,Science,Assessment 3,2026-06-20,39.0,100.0,50.0
S032,History,Assessment 1,2026-01-20,46.0,100.0,50.0
S032,History,Assessment 2,2026-03-20,43.0,100.0,50.0
S032,History,Assessment 3,2026-06-20,39.0,100.0,50.0
S032,Geography,Assessment 1,2026-01-20,46.0,100.0,50.0
S032,Geography,Assessment 2,2026-03-20,43.0,100.0,50.0
S032,Geography,Assessment 3,2026-06-20,39.0,100.0,50.0
S033,Maths,Assessment 1,2026-01-20,49.0,100.0,50.0
S033,Maths,Assessment 2,2026-03-20,45.0,100.0,50.0
S033,Maths,Assessment 3,2026-06-20,41.0,100.0,50.0
S033,English,Assessment 1,2026-01-20,49.0,100.0,50.0
S033,English,Assessment 2,2026-03-20,45.0,100.0,50.0
S033,English,Assessment 3,2026-06-20,41.0,100.0,50.0
S033,Science,Assessment 1,2026-01-20,49.0,100.0,50.0
S033,Science,Assessment 2,2026-03-20,45.0,100.0,50.0
S033,Science,Assessment 3,2026-06-20,41.0,100.0,50.0
S033,History,Assessment 1,2026-01-20,49.0,100.0,50.0
S033,History,Assessment 2,2026-03-20,45.0,100.0,50.0
S033,History,Assessment 3,2026-06-20,41.0,100.0,50.0
S033,Geography,Assessment 1,2026-01-20,49.0,100.0,50.0
S033,Geography,Assessment 2,2026-03-20,45.0,100.0,50.0
S033,Geography,Assessment 3,2026-06-20,41.0,100.0,50.0
S034,Maths,Assessment 1,2026-01-20,68.0,100.0,50.0
S034,Maths,Assessment 2,2026-03-20,76.0,100.0,50.0
S034,Maths,Assessment 3,2026-06-20,82.0,100.0,50.0
S034,English,Assessment 1,2026-01-20,68.0,100.0,50.0
S034,English,Assessment 2,2026-03-20,76.0,100.0,50.0
S034,English,Assessment 3,2026-06-20,82.0,100.0,50.0
S034,Science,Assessment 1,2026-01-20,68.0,100.0,50.0
S034,Science,Assessment 2,2026-03-20,76.0,100.0,50.0
S034,Science,Assessment 3,2026-06-20,82.0,100.0,50.0
S034,History,Assessment 1,2026-01-20,68.0,100.0,50.0
S034,History,Assessment 2,2026-03-20,76.0,100.0,50.0
S034,History,Assessment 3,2026-06-20,82.0,100.0,50.0
S034,Geography,Assessment 1,2026-01-20,68.0,100.0,50.0
S034,Geography,Assessment 2,2026-03-20,76.0,100.0,50.0
S034,Geography,Assessment 3,2026-06-20,82.0,100.0,50.0
S035,Maths,Assessment 1,2026-01-20,75.0,100.0,50.0
S035,Maths,Assessment 2,2026-03-20,80.0,100.0,50.0
S035,Maths,Assessment 3,2026-06-20,86.0,100.0,50.0
S035,English,Assessment 1,2026-01-20,75.0,100.0,50.0
S035,English,Assessment 2,2026-03-20,80.0,100.0,50.0
S035,English,Assessment 3,2026-06-20,86.0,100.0,50.0
S035,Science,Assessment 1,2026-01-20,75.0,100.0,50.0
S035,Science,Assessment 2,2026-03-20,80.0,100.0,50.0
S035,Science,Assessment 3,2026-06-20,86.0,100.0,50.0
S035,History,Assessment 1,2026-01-20,75.0,100.0,50.0
S035,History,Assessment 2,2026-03-20,80.0,100.0,50.0
S035,History,Assessment 3,2026-06-20,86.0,100.0,50.0
S035,Geography,Assessment 1,2026-01-20,75.0,100.0,50.0
S035,Geography,Assessment 2,2026-03-20,80.0,100.0,50.0
S035,Geography,Assessment 3,2026-06-20,86.0,100.0,50.0
S036,Maths,Assessment 1,2026-01-20,65.0,100.0,50.0
S036,Maths,Assessment 2,2026-03-20,72.0,100.0,50.0
S036,Maths,Assessment 3,2026-06-20,78.0,100.0,50.0
S036,English,Assessment 1,2026-01-20,65.0,100.0,50.0
S036,English,Assessment 2,2026-03-20,72.0,100.0,50.0
S036,English,Assessment 3,2026-06-20,78.0,100.0,50.0
S036,Science,Assessment 1,2026-01-20,65.0,100.0,50.0
S036,Science,Assessment 2,2026-03-20,72.0,100.0,50.0
S036,Science,Assessment 3,2026-06-20,78.0,100.0,50.0
S036,History,Assessment 1,2026-01-20,65.0,100.0,50.0
S036,History,Assessment 2,2026-03-20,72.0,100.0,50.0
S036,History,Assessment 3,2026-06-20,78.0,100.0,50.0
S036,Geography,Assessment 1,2026-01-20,65.0,100.0,50.0
S036,Geography,Assessment 2,2026-03-20,72.0,100.0,50.0
S036,Geography,Assessment 3,2026-06-20,78.0,100.0,50.0
S037,Maths,Assessment 1,2026-01-20,58.0,100.0,50.0
S037,Maths,Assessment 2,2026-03-20,55.0,100.0,50.0
S037,Maths,Assessment 3,2026-06-20,52.0,100.0,50.0
S037,English,Assessment 1,2026-01-20,58.0,100.0,50.0
S037,English,Assessment 2,2026-03-20,55.0,100.0,50.0
S037,English,Assessment 3,2026-06-20,52.0,100.0,50.0
S037,Science,Assessment 1,2026-01-20,58.0,100.0,50.0
S037,Science,Assessment 2,2026-03-20,55.0,100.0,50.0
S037,Science,Assessment 3,2026-06-20,52.0,100.0,50.0
S037,History,Assessment 1,2026-01-20,58.0,100.0,50.0
S037,History,Assessment 2,2026-03-20,55.0,100.0,50.0
S037,History,Assessment 3,2026-06-20,52.0,100.0,50.0
S037,Geography,Assessment 1,2026-01-20,58.0,100.0,50.0
S037,Geography,Assessment 2,2026-03-20,55.0,100.0,50.0
S037,Geography,Assessment 3,2026-06-20,52.0,100.0,50.0
S038,Maths,Assessment 1,2026-01-20,62.0,100.0,50.0
S038,Maths,Assessment 2,2026-03-20,58.0,100.0,50.0
S038,Maths,Assessment 3,2026-06-20,54.0,100.0,50.0
S038,English,Assessment 1,2026-01-20,62.0,100.0,50.0
S038,English,Assessment 2,2026-03-20,58.0,100.0,50.0
S038,English,Assessment 3,2026-06-20,54.0,100.0,50.0
S038,Science,Assessment 1,2026-01-20,62.0,100.0,50.0
S038,Science,Assessment 2,2026-03-20,58.0,100.0,50.0
S038,Science,Assessment 3,2026-06-20,54.0,100.0,50.0
S038,History,Assessment 1,2026-01-20,62.0,100.0,50.0
S038,History,Assessment 2,2026-03-20,58.0,100.0,50.0
S038,History,Assessment 3,2026-06-20,54.0,100.0,50.0
S038,Geography,Assessment 1,2026-01-20,62.0,100.0,50.0
S038,Geography,Assessment 2,2026-03-20,58.0,100.0,50.0
S038,Geography,Assessment 3,2026-06-20,54.0,100.0,50.0
S039,Maths,Assessment 1,2026-01-20,56.0,100.0,50.0
S039,Maths,Assessment 2,2026-03-20,54.0,100.0,50.0
S039,Maths,Assessment 3,2026-06-20,51.0,100.0,50.0
S039,English,Assessment 1,2026-01-20,56.0,100.0,50.0
S039,English,Assessment 2,2026-03-20,54.0,100.0,50.0
S039,English,Assessment 3,2026-06-20,51.0,100.0,50.0
S039,Science,Assessment 1,2026-01-20,56.0,100.0,50.0
S039,Science,Assessment 2,2026-03-20,54.0,100.0,50.0
S039,Science,Assessment 3,2026-06-20,51.0,100.0,50.0
S039,History,Assessment 1,2026-01-20,56.0,100.0,50.0
S039,History,Assessment 2,2026-03-20,54.0,100.0,50.0
S039,History,Assessment 3,2026-06-20,51.0,100.0,50.0
S039,Geography,Assessment 1,2026-01-20,56.0,100.0,50.0
S039,Geography,Assessment 2,2026-03-20,54.0,100.0,50.0
S039,Geography,Assessment 3,2026-06-20,51.0,100.0,50.0
S040,Maths,Assessment 1,2026-01-20,65.0,100.0,50.0
S040,English,Assessment 1,2026-01-20,65.0,100.0,50.0
S040,Science,Assessment 1,2026-01-20,65.0,100.0,50.0
S040,History,Assessment 1,2026-01-20,65.0,100.0,50.0
S040,Geography,Assessment 1,2026-01-20,65.0,100.0,50.0
S041,Maths,Assessment 1,2026-01-20,48.0,100.0,50.0
S041,Maths,Assessment 2,2026-03-20,42.0,100.0,50.0
S041,Maths,Assessment 3,2026-06-20,35.0,100.0,50.0
S041,English,Assessment 1,2026-01-20,48.0,100.0,50.0
S041,English,Assessment 2,2026-03-20,42.0,100.0,50.0
S041,English,Assessment 3,2026-06-20,35.0,100.0,50.0
S041,Science,Assessment 1,2026-01-20,48.0,100.0,50.0
S041,Science,Assessment 2,2026-03-20,42.0,100.0,50.0
S041,Science,Assessment 3,2026-06-20,35.0,100.0,50.0
S041,History,Assessment 1,2026-01-20,48.0,100.0,50.0
S041,History,Assessment 2,2026-03-20,42.0,100.0,50.0
S041,History,Assessment 3,2026-06-20,35.0,100.0,50.0
S041,Geography,Assessment 1,2026-01-20,48.0,100.0,50.0
S041,Geography,Assessment 2,2026-03-20,42.0,100.0,50.0
S041,Geography,Assessment 3,2026-06-20,35.0,100.0,50.0
S042,Maths,Assessment 1,2026-01-20,46.0,100.0,50.0
S042,Maths,Assessment 2,2026-03-20,43.0,100.0,50.0
S042,Maths,Assessment 3,2026-06-20,39.0,100.0,50.0
S042,English,Assessment 1,2026-01-20,46.0,100.0,50.0
S042,English,Assessment 2,2026-03-20,43.0,100.0,50.0
S042,English,Assessment 3,2026-06-20,39.0,100.0,50.0
S042,Science,Assessment 1,2026-01-20,46.0,100.0,50.0
S042,Science,Assessment 2,2026-03-20,43.0,100.0,50.0
S042,Science,Assessment 3,2026-06-20,39.0,100.0,50.0
S042,History,Assessment 1,2026-01-20,46.0,100.0,50.0
S042,History,Assessment 2,2026-03-20,43.0,100.0,50.0
S042,History,Assessment 3,2026-06-20,39.0,100.0,50.0
S042,Geography,Assessment 1,2026-01-20,46.0,100.0,50.0
S042,Geography,Assessment 2,2026-03-20,43.0,100.0,50.0
S042,Geography,Assessment 3,2026-06-20,39.0,100.0,50.0
S043,Maths,Assessment 1,2026-01-20,49.0,100.0,50.0
S043,Maths,Assessment 2,2026-03-20,45.0,100.0,50.0
S043,Maths,Assessment 3,2026-06-20,41.0,100.0,50.0
S043,English,Assessment 1,2026-01-20,49.0,100.0,50.0
S043,English,Assessment 2,2026-03-20,45.0,100.0,50.0
S043,English,Assessment 3,2026-06-20,41.0,100.0,50.0
S043,Science,Assessment 1,2026-01-20,49.0,100.0,50.0
S043,Science,Assessment 2,2026-03-20,45.0,100.0,50.0
S043,Science,Assessment 3,2026-06-20,41.0,100.0,50.0
S043,History,Assessment 1,2026-01-20,49.0,100.0,50.0
S043,History,Assessment 2,2026-03-20,45.0,100.0,50.0
S043,History,Assessment 3,2026-06-20,41.0,100.0,50.0
S043,Geography,Assessment 1,2026-01-20,49.0,100.0,50.0
S043,Geography,Assessment 2,2026-03-20,45.0,100.0,50.0
S043,Geography,Assessment 3,2026-06-20,41.0,100.0,50.0
S044,Maths,Assessment 1,2026-01-20,68.0,100.0,50.0
S044,Maths,Assessment 2,2026-03-20,76.0,100.0,50.0
S044,Maths,Assessment 3,2026-06-20,82.0,100.0,50.0
S044,English,Assessment 1,2026-01-20,68.0,100.0,50.0
S044,English,Assessment 2,2026-03-20,76.0,100.0,50.0
S044,English,Assessment 3,2026-06-20,82.0,100.0,50.0
S044,Science,Assessment 1,2026-01-20,68.0,100.0,50.0
S044,Science,Assessment 2,2026-03-20,76.0,100.0,50.0
S044,Science,Assessment 3,2026-06-20,82.0,100.0,50.0
S044,History,Assessment 1,2026-01-20,68.0,100.0,50.0
S044,History,Assessment 2,2026-03-20,76.0,100.0,50.0
S044,History,Assessment 3,2026-06-20,82.0,100.0,50.0
S044,Geography,Assessment 1,2026-01-20,68.0,100.0,50.0
S044,Geography,Assessment 2,2026-03-20,76.0,100.0,50.0
S044,Geography,Assessment 3,2026-06-20,82.0,100.0,50.0
S045,Maths,Assessment 1,2026-01-20,75.0,100.0,50.0
S045,Maths,Assessment 2,2026-03-20,80.0,100.0,50.0
S045,Maths,Assessment 3,2026-06-20,86.0,100.0,50.0
S045,English,Assessment 1,2026-01-20,75.0,100.0,50.0
S045,English,Assessment 2,2026-03-20,80.0,100.0,50.0
S045,English,Assessment 3,2026-06-20,86.0,100.0,50.0
S045,Science,Assessment 1,2026-01-20,75.0,100.0,50.0
S045,Science,Assessment 2,2026-03-20,80.0,100.0,50.0
S045,Science,Assessment 3,2026-06-20,86.0,100.0,50.0
S045,History,Assessment 1,2026-01-20,75.0,100.0,50.0
S045,History,Assessment 2,2026-03-20,80.0,100.0,50.0
S045,History,Assessment 3,2026-06-20,86.0,100.0,50.0
S045,Geography,Assessment 1,2026-01-20,75.0,100.0,50.0
S045,Geography,Assessment 2,2026-03-20,80.0,100.0,50.0
S045,Geography,Assessment 3,2026-06-20,86.0,100.0,50.0
S046,Maths,Assessment 1,2026-01-20,65.0,100.0,50.0
S046,Maths,Assessment 2,2026-03-20,72.0,100.0,50.0
S046,Maths,Assessment 3,2026-06-20,78.0,100.0,50.0
S046,English,Assessment 1,2026-01-20,65.0,100.0,50.0
S046,English,Assessment 2,2026-03-20,72.0,100.0,50.0
S046,English,Assessment 3,2026-06-20,78.0,100.0,50.0
S046,Science,Assessment 1,2026-01-20,65.0,100.0,50.0
S046,Science,Assessment 2,2026-03-20,72.0,100.0,50.0
S046,Science,Assessment 3,2026-06-20,78.0,100.0,50.0
S046,History,Assessment 1,2026-01-20,65.0,100.0,50.0
S046,History,Assessment 2,2026-03-20,72.0,100.0,50.0
S046,History,Assessment 3,2026-06-20,78.0,100.0,50.0
S046,Geography,Assessment 1,2026-01-20,65.0,100.0,50.0
S046,Geography,Assessment 2,2026-03-20,72.0,100.0,50.0
S046,Geography,Assessment 3,2026-06-20,78.0,100.0,50.0
S047,Maths,Assessment 1,2026-01-20,58.0,100.0,50.0
S047,Maths,Assessment 2,2026-03-20,55.0,100.0,50.0
S047,Maths,Assessment 3,2026-06-20,52.0,100.0,50.0
S047,English,Assessment 1,2026-01-20,58.0,100.0,50.0
S047,English,Assessment 2,2026-03-20,55.0,100.0,50.0
S047,English,Assessment 3,2026-06-20,52.0,100.0,50.0
S047,Science,Assessment 1,2026-01-20,58.0,100.0,50.0
S047,Science,Assessment 2,2026-03-20,55.0,100.0,50.0
S047,Science,Assessment 3,2026-06-20,52.0,100.0,50.0
S047,History,Assessment 1,2026-01-20,58.0,100.0,50.0
S047,History,Assessment 2,2026-03-20,55.0,100.0,50.0
S047,History,Assessment 3,2026-06-20,52.0,100.0,50.0
S047,Geography,Assessment 1,2026-01-20,58.0,100.0,50.0
S047,Geography,Assessment 2,2026-03-20,55.0,100.0,50.0
S047,Geography,Assessment 3,2026-06-20,52.0,100.0,50.0
S048,Maths,Assessment 1,2026-01-20,62.0,100.0,50.0
S048,Maths,Assessment 2,2026-03-20,58.0,100.0,50.0
S048,Maths,Assessment 3,2026-06-20,54.0,100.0,50.0
S048,English,Assessment 1,2026-01-20,62.0,100.0,50.0
S048,English,Assessment 2,2026-03-20,58.0,100.0,50.0
S048,English,Assessment 3,2026-06-20,54.0,100.0,50.0
S048,Science,Assessment 1,2026-01-20,62.0,100.0,50.0
S048,Science,Assessment 2,2026-03-20,58.0,100.0,50.0
S048,Science,Assessment 3,2026-06-20,54.0,100.0,50.0
S048,History,Assessment 1,2026-01-20,62.0,100.0,50.0
S048,History,Assessment 2,2026-03-20,58.0,100.0,50.0
S048,History,Assessment 3,2026-06-20,54.0,100.0,50.0
S048,Geography,Assessment 1,2026-01-20,62.0,100.0,50.0
S048,Geography,Assessment 2,2026-03-20,58.0,100.0,50.0
S048,Geography,Assessment 3,2026-06-20,54.0,100.0,50.0
S049,Maths,Assessment 1,2026-01-20,56.0,100.0,50.0
S049,Maths,Assessment 2,2026-03-20,54.0,100.0,50.0
S049,Maths,Assessment 3,2026-06-20,51.0,100.0,50.0
S049,English,Assessment 1,2026-01-20,56.0,100.0,50.0
S049,English,Assessment 2,2026-03-20,54.0,100.0,50.0
S049,English,Assessment 3,2026-06-20,51.0,100.0,50.0
S049,Science,Assessment 1,2026-01-20,56.0,100.0,50.0
S049,Science,Assessment 2,2026-03-20,54.0,100.0,50.0
S049,Science,Assessment 3,2026-06-20,51.0,100.0,50.0
S049,History,Assessment 1,2026-01-20,56.0,100.0,50.0
S049,History,Assessment 2,2026-03-20,54.0,100.0,50.0
S049,History,Assessment 3,2026-06-20,51.0,100.0,50.0
S049,Geography,Assessment 1,2026-01-20,56.0,100.0,50.0
S049,Geography,Assessment 2,2026-03-20,54.0,100.0,50.0
S049,Geography,Assessment 3,2026-06-20,51.0,100.0,50.0
S050,Maths,Assessment 1,2026-01-20,65.0,100.0,50.0
S050,English,Assessment 1,2026-01-20,65.0,100.0,50.0
S050,Science,Assessment 1,2026-01-20,65.0,100.0,50.0
S050,History,Assessment 1,2026-01-20,65.0,100.0,50.0
S050,Geography,Assessment 1,2026-01-20,65.0,100.0,50.0
S051,Maths,Assessment 1,2026-01-20,48.0,100.0,50.0
S051,Maths,Assessment 2,2026-03-20,42.0,100.0,50.0
S051,Maths,Assessment 3,2026-06-20,35.0,100.0,50.0
S051,English,Assessment 1,2026-01-20,48.0,100.0,50.0
S051,English,Assessment 2,2026-03-20,42.0,100.0,50.0
S051,English,Assessment 3,2026-06-20,35.0,100.0,50.0
S051,Science,Assessment 1,2026-01-20,48.0,100.0,50.0
S051,Science,Assessment 2,2026-03-20,42.0,100.0,50.0
S051,Science,Assessment 3,2026-06-20,35.0,100.0,50.0
S051,History,Assessment 1,2026-01-20,48.0,100.0,50.0
S051,History,Assessment 2,2026-03-20,42.0,100.0,50.0
S051,History,Assessment 3,2026-06-20,35.0,100.0,50.0
S051,Geography,Assessment 1,2026-01-20,48.0,100.0,50.0
S051,Geography,Assessment 2,2026-03-20,42.0,100.0,50.0
S051,Geography,Assessment 3,2026-06-20,35.0,100.0,50.0
S052,Maths,Assessment 1,2026-01-20,46.0,100.0,50.0
S052,Maths,Assessment 2,2026-03-20,43.0,100.0,50.0
S052,Maths,Assessment 3,2026-06-20,39.0,100.0,50.0
S052,English,Assessment 1,2026-01-20,46.0,100.0,50.0
S052,English,Assessment 2,2026-03-20,43.0,100.0,50.0
S052,English,Assessment 3,2026-06-20,39.0,100.0,50.0
S052,Science,Assessment 1,2026-01-20,46.0,100.0,50.0
S052,Science,Assessment 2,2026-03-20,43.0,100.0,50.0
S052,Science,Assessment 3,2026-06-20,39.0,100.0,50.0
S052,History,Assessment 1,2026-01-20,46.0,100.0,50.0
S052,History,Assessment 2,2026-03-20,43.0,100.0,50.0
S052,History,Assessment 3,2026-06-20,39.0,100.0,50.0
S052,Geography,Assessment 1,2026-01-20,46.0,100.0,50.0
S052,Geography,Assessment 2,2026-03-20,43.0,100.0,50.0
S052,Geography,Assessment 3,2026-06-20,39.0,100.0,50.0
S053,Maths,Assessment 1,2026-01-20,49.0,100.0,50.0
S053,Maths,Assessment 2,2026-03-20,45.0,100.0,50.0
S053,Maths,Assessment 3,2026-06-20,41.0,100.0,50.0
S053,English,Assessment 1,2026-01-20,49.0,100.0,50.0
S053,English,Assessment 2,2026-03-20,45.0,100.0,50.0
S053,English,Assessment 3,2026-06-20,41.0,100.0,50.0
S053,Science,Assessment 1,2026-01-20,49.0,100.0,50.0
S053,Science,Assessment 2,2026-03-20,45.0,100.0,50.0
S053,Science,Assessment 3,2026-06-20,41.0,100.0,50.0
S053,History,Assessment 1,2026-01-20,49.0,100.0,50.0
S053,History,Assessment 2,2026-03-20,45.0,100.0,50.0
S053,History,Assessment 3,2026-06-20,41.0,100.0,50.0
S053,Geography,Assessment 1,2026-01-20,49.0,100.0,50.0
S053,Geography,Assessment 2,2026-03-20,45.0,100.0,50.0
S053,Geography,Assessment 3,2026-06-20,41.0,100.0,50.0
S054,Maths,Assessment 1,2026-01-20,68.0,100.0,50.0
S054,Maths,Assessment 2,2026-03-20,76.0,100.0,50.0
S054,Maths,Assessment 3,2026-06-20,82.0,100.0,50.0
S054,English,Assessment 1,2026-01-20,68.0,100.0,50.0
S054,English,Assessment 2,2026-03-20,76.0,100.0,50.0
S054,English,Assessment 3,2026-06-20,82.0,100.0,50.0
S054,Science,Assessment 1,2026-01-20,68.0,100.0,50.0
S054,Science,Assessment 2,2026-03-20,76.0,100.0,50.0
S054,Science,Assessment 3,2026-06-20,82.0,100.0,50.0
S054,History,Assessment 1,2026-01-20,68.0,100.0,50.0
S054,History,Assessment 2,2026-03-20,76.0,100.0,50.0
S054,History,Assessment 3,2026-06-20,82.0,100.0,50.0
S054,Geography,Assessment 1,2026-01-20,68.0,100.0,50.0
S054,Geography,Assessment 2,2026-03-20,76.0,100.0,50.0
S054,Geography,Assessment 3,2026-06-20,82.0,100.0,50.0
S055,Maths,Assessment 1,2026-01-20,75.0,100.0,50.0
S055,Maths,Assessment 2,2026-03-20,80.0,100.0,50.0
S055,Maths,Assessment 3,2026-06-20,86.0,100.0,50.0
S055,English,Assessment 1,2026-01-20,75.0,100.0,50.0
S055,English,Assessment 2,2026-03-20,80.0,100.0,50.0
S055,English,Assessment 3,2026-06-20,86.0,100.0,50.0
S055,Science,Assessment 1,2026-01-20,75.0,100.0,50.0
S055,Science,Assessment 2,2026-03-20,80.0,100.0,50.0
S055,Science,Assessment 3,2026-06-20,86.0,100.0,50.0
S055,History,Assessment 1,2026-01-20,75.0,100.0,50.0
S055,History,Assessment 2,2026-03-20,80.0,100.0,50.0
S055,History,Assessment 3,2026-06-20,86.0,100.0,50.0
S055,Geography,Assessment 1,2026-01-20,75.0,100.0,50.0
S055,Geography,Assessment 2,2026-03-20,80.0,100.0,50.0
S055,Geography,Assessment 3,2026-06-20,86.0,100.0,50.0
S056,Maths,Assessment 1,2026-01-20,65.0,100.0,50.0
S056,Maths,Assessment 2,2026-03-20,72.0,100.0,50.0
S056,Maths,Assessment 3,2026-06-20,78.0,100.0,50.0
S056,English,Assessment 1,2026-01-20,65.0,100.0,50.0
S056,English,Assessment 2,2026-03-20,72.0,100.0,50.0
S056,English,Assessment 3,2026-06-20,78.0,100.0,50.0
S056,Science,Assessment 1,2026-01-20,65.0,100.0,50.0
S056,Science,Assessment 2,2026-03-20,72.0,100.0,50.0
S056,Science,Assessment 3,2026-06-20,78.0,100.0,50.0
S056,History,Assessment 1,2026-01-20,65.0,100.0,50.0
S056,History,Assessment 2,2026-03-20,72.0,100.0,50.0
S056,History,Assessment 3,2026-06-20,78.0,100.0,50.0
S056,Geography,Assessment 1,2026-01-20,65.0,100.0,50.0
S056,Geography,Assessment 2,2026-03-20,72.0,100.0,50.0
S056,Geography,Assessment 3,2026-06-20,78.0,100.0,50.0
S057,Maths,Assessment 1,2026-01-20,58.0,100.0,50.0
S057,Maths,Assessment 2,2026-03-20,55.0,100.0,50.0
S057,Maths,Assessment 3,2026-06-20,52.0,100.0,50.0
S057,English,Assessment 1,2026-01-20,58.0,100.0,50.0
S057,English,Assessment 2,2026-03-20,55.0,100.0,50.0
S057,English,Assessment 3,2026-06-20,52.0,100.0,50.0
S057,Science,Assessment 1,2026-01-20,58.0,100.0,50.0
S057,Science,Assessment 2,2026-03-20,55.0,100.0,50.0
S057,Science,Assessment 3,2026-06-20,52.0,100.0,50.0
S057,History,Assessment 1,2026-01-20,58.0,100.0,50.0
S057,History,Assessment 2,2026-03-20,55.0,100.0,50.0
S057,History,Assessment 3,2026-06-20,52.0,100.0,50.0
S057,Geography,Assessment 1,2026-01-20,58.0,100.0,50.0
S057,Geography,Assessment 2,2026-03-20,55.0,100.0,50.0
S057,Geography,Assessment 3,2026-06-20,52.0,100.0,50.0
S058,Maths,Assessment 1,2026-01-20,62.0,100.0,50.0
S058,Maths,Assessment 2,2026-03-20,58.0,100.0,50.0
S058,Maths,Assessment 3,2026-06-20,54.0,100.0,50.0
S058,English,Assessment 1,2026-01-20,62.0,100.0,50.0
S058,English,Assessment 2,2026-03-20,58.0,100.0,50.0
S058,English,Assessment 3,2026-06-20,54.0,100.0,50.0
S058,Science,Assessment 1,2026-01-20,62.0,100.0,50.0
S058,Science,Assessment 2,2026-03-20,58.0,100.0,50.0
S058,Science,Assessment 3,2026-06-20,54.0,100.0,50.0
S058,History,Assessment 1,2026-01-20,62.0,100.0,50.0
S058,History,Assessment 2,2026-03-20,58.0,100.0,50.0
S058,History,Assessment 3,2026-06-20,54.0,100.0,50.0
S058,Geography,Assessment 1,2026-01-20,62.0,100.0,50.0
S058,Geography,Assessment 2,2026-03-20,58.0,100.0,50.0
S058,Geography,Assessment 3,2026-06-20,54.0,100.0,50.0
S059,Maths,Assessment 1,2026-01-20,56.0,100.0,50.0
S059,Maths,Assessment 2,2026-03-20,54.0,100.0,50.0
S059,Maths,Assessment 3,2026-06-20,51.0,100.0,50.0
S059,English,Assessment 1,2026-01-20,56.0,100.0,50.0
S059,English,Assessment 2,2026-03-20,54.0,100.0,50.0
S059,English,Assessment 3,2026-06-20,51.0,100.0,50.0
S059,Science,Assessment 1,2026-01-20,56.0,100.0,50.0
S059,Science,Assessment 2,2026-03-20,54.0,100.0,50.0
S059,Science,Assessment 3,2026-06-20,51.0,100.0,50.0
S059,History,Assessment 1,2026-01-20,56.0,100.0,50.0
S059,History,Assessment 2,2026-03-20,54.0,100.0,50.0
S059,History,Assessment 3,2026-06-20,51.0,100.0,50.0
S059,Geography,Assessment 1,2026-01-20,56.0,100.0,50.0
S059,Geography,Assessment 2,2026-03-20,54.0,100.0,50.0
S059,Geography,Assessment 3,2026-06-20,51.0,100.0,50.0
S060,Maths,Assessment 1,2026-01-20,65.0,100.0,50.0
S060,English,Assessment 1,2026-01-20,65.0,100.0,50.0
S060,Science,Assessment 1,2026-01-20,65.0,100.0,50.0
S060,History,Assessment 1,2026-01-20,65.0,100.0,50.0
S060,Geography,Assessment 1,2026-01-20,65.0,100.0,50.0
S061,Maths,Assessment 1,2026-01-20,48.0,100.0,50.0
S061,Maths,Assessment 2,2026-03-20,42.0,100.0,50.0
S061,Maths,Assessment 3,2026-06-20,35.0,100.0,50.0
S061,English,Assessment 1,2026-01-20,48.0,100.0,50.0
S061,English,Assessment 2,2026-03-20,42.0,100.0,50.0
S061,English,Assessment 3,2026-06-20,35.0,100.0,50.0
S061,Science,Assessment 1,2026-01-20,48.0,100.0,50.0
S061,Science,Assessment 2,2026-03-20,42.0,100.0,50.0
S061,Science,Assessment 3,2026-06-20,35.0,100.0,50.0
S061,History,Assessment 1,2026-01-20,48.0,100.0,50.0
S061,History,Assessment 2,2026-03-20,42.0,100.0,50.0
S061,History,Assessment 3,2026-06-20,35.0,100.0,50.0
S061,Geography,Assessment 1,2026-01-20,48.0,100.0,50.0
S061,Geography,Assessment 2,2026-03-20,42.0,100.0,50.0
S061,Geography,Assessment 3,2026-06-20,35.0,100.0,50.0
S062,Maths,Assessment 1,2026-01-20,46.0,100.0,50.0
S062,Maths,Assessment 2,2026-03-20,43.0,100.0,50.0
S062,Maths,Assessment 3,2026-06-20,39.0,100.0,50.0
S062,English,Assessment 1,2026-01-20,46.0,100.0,50.0
S062,English,Assessment 2,2026-03-20,43.0,100.0,50.0
S062,English,Assessment 3,2026-06-20,39.0,100.0,50.0
S062,Science,Assessment 1,2026-01-20,46.0,100.0,50.0
S062,Science,Assessment 2,2026-03-20,43.0,100.0,50.0
S062,Science,Assessment 3,2026-06-20,39.0,100.0,50.0
S062,History,Assessment 1,2026-01-20,46.0,100.0,50.0
S062,History,Assessment 2,2026-03-20,43.0,100.0,50.0
S062,History,Assessment 3,2026-06-20,39.0,100.0,50.0
S062,Geography,Assessment 1,2026-01-20,46.0,100.0,50.0
S062,Geography,Assessment 2,2026-03-20,43.0,100.0,50.0
S062,Geography,Assessment 3,2026-06-20,39.0,100.0,50.0
S063,Maths,Assessment 1,2026-01-20,49.0,100.0,50.0
S063,Maths,Assessment 2,2026-03-20,45.0,100.0,50.0
S063,Maths,Assessment 3,2026-06-20,41.0,100.0,50.0
S063,English,Assessment 1,2026-01-20,49.0,100.0,50.0
S063,English,Assessment 2,2026-03-20,45.0,100.0,50.0
S063,English,Assessment 3,2026-06-20,41.0,100.0,50.0
S063,Science,Assessment 1,2026-01-20,49.0,100.0,50.0
S063,Science,Assessment 2,2026-03-20,45.0,100.0,50.0
S063,Science,Assessment 3,2026-06-20,41.0,100.0,50.0
S063,History,Assessment 1,2026-01-20,49.0,100.0,50.0
S063,History,Assessment 2,2026-03-20,45.0,100.0,50.0
S063,History,Assessment 3,2026-06-20,41.0,100.0,50.0
S063,Geography,Assessment 1,2026-01-20,49.0,100.0,50.0
S063,Geography,Assessment 2,2026-03-20,45.0,100.0,50.0
S063,Geography,Assessment 3,2026-06-20,41.0,100.0,50.0
S064,Maths,Assessment 1,2026-01-20,68.0,100.0,50.0
S064,Maths,Assessment 2,2026-03-20,76.0,100.0,50.0
S064,Maths,Assessment 3,2026-06-20,82.0,100.0,50.0
S064,English,Assessment 1,2026-01-20,68.0,100.0,50.0
S064,English,Assessment 2,2026-03-20,76.0,100.0,50.0
S064,English,Assessment 3,2026-06-20,82.0,100.0,50.0
S064,Science,Assessment 1,2026-01-20,68.0,100.0,50.0
S064,Science,Assessment 2,2026-03-20,76.0,100.0,50.0
S064,Science,Assessment 3,2026-06-20,82.0,100.0,50.0
S064,History,Assessment 1,2026-01-20,68.0,100.0,50.0
S064,History,Assessment 2,2026-03-20,76.0,100.0,50.0
S064,History,Assessment 3,2026-06-20,82.0,100.0,50.0
S064,Geography,Assessment 1,2026-01-20,68.0,100.0,50.0
S064,Geography,Assessment 2,2026-03-20,76.0,100.0,50.0
S064,Geography,Assessment 3,2026-06-20,82.0,100.0,50.0
S065,Maths,Assessment 1,2026-01-20,75.0,100.0,50.0
S065,Maths,Assessment 2,2026-03-20,80.0,100.0,50.0
S065,Maths,Assessment 3,2026-06-20,86.0,100.0,50.0
S065,English,Assessment 1,2026-01-20,75.0,100.0,50.0
S065,English,Assessment 2,2026-03-20,80.0,100.0,50.0
S065,English,Assessment 3,2026-06-20,86.0,100.0,50.0
S065,Science,Assessment 1,2026-01-20,75.0,100.0,50.0
S065,Science,Assessment 2,2026-03-20,80.0,100.0,50.0
S065,Science,Assessment 3,2026-06-20,86.0,100.0,50.0
S065,History,Assessment 1,2026-01-20,75.0,100.0,50.0
S065,History,Assessment 2,2026-03-20,80.0,100.0,50.0
S065,History,Assessment 3,2026-06-20,86.0,100.0,50.0
S065,Geography,Assessment 1,2026-01-20,75.0,100.0,50.0
S065,Geography,Assessment 2,2026-03-20,80.0,100.0,50.0
S065,Geography,Assessment 3,2026-06-20,86.0,100.0,50.0
S066,Maths,Assessment 1,2026-01-20,65.0,100.0,50.0
S066,Maths,Assessment 2,2026-03-20,72.0,100.0,50.0
S066,Maths,Assessment 3,2026-06-20,78.0,100.0,50.0
S066,English,Assessment 1,2026-01-20,65.0,100.0,50.0
S066,English,Assessment 2,2026-03-20,72.0,100.0,50.0
S066,English,Assessment 3,2026-06-20,78.0,100.0,50.0
S066,Science,Assessment 1,2026-01-20,65.0,100.0,50.0
S066,Science,Assessment 2,2026-03-20,72.0,100.0,50.0
S066,Science,Assessment 3,2026-06-20,78.0,100.0,50.0
S066,History,Assessment 1,2026-01-20,65.0,100.0,50.0
S066,History,Assessment 2,2026-03-20,72.0,100.0,50.0
S066,History,Assessment 3,2026-06-20,78.0,100.0,50.0
S066,Geography,Assessment 1,2026-01-20,65.0,100.0,50.0
S066,Geography,Assessment 2,2026-03-20,72.0,100.0,50.0
S066,Geography,Assessment 3,2026-06-20,78.0,100.0,50.0
S067,Maths,Assessment 1,2026-01-20,58.0,100.0,50.0
S067,Maths,Assessment 2,2026-03-20,55.0,100.0,50.0
S067,Maths,Assessment 3,2026-06-20,52.0,100.0,50.0
S067,English,Assessment 1,2026-01-20,58.0,100.0,50.0
S067,English,Assessment 2,2026-03-20,55.0,100.0,50.0
S067,English,Assessment 3,2026-06-20,52.0,100.0,50.0
S067,Science,Assessment 1,2026-01-20,58.0,100.0,50.0
S067,Science,Assessment 2,2026-03-20,55.0,100.0,50.0
S067,Science,Assessment 3,2026-06-20,52.0,100.0,50.0
S067,History,Assessment 1,2026-01-20,58.0,100.0,50.0
S067,History,Assessment 2,2026-03-20,55.0,100.0,50.0
S067,History,Assessment 3,2026-06-20,52.0,100.0,50.0
S067,Geography,Assessment 1,2026-01-20,58.0,100.0,50.0
S067,Geography,Assessment 2,2026-03-20,55.0,100.0,50.0
S067,Geography,Assessment 3,2026-06-20,52.0,100.0,50.0
S068,Maths,Assessment 1,2026-01-20,62.0,100.0,50.0
S068,Maths,Assessment 2,2026-03-20,58.0,100.0,50.0
S068,Maths,Assessment 3,2026-06-20,54.0,100.0,50.0
S068,English,Assessment 1,2026-01-20,62.0,100.0,50.0
S068,English,Assessment 2,2026-03-20,58.0,100.0,50.0
S068,English,Assessment 3,2026-06-20,54.0,100.0,50.0
S068,Science,Assessment 1,2026-01-20,62.0,100.0,50.0
S068,Science,Assessment 2,2026-03-20,58.0,100.0,50.0
S068,Science,Assessment 3,2026-06-20,54.0,100.0,50.0
S068,History,Assessment 1,2026-01-20,62.0,100.0,50.0
S068,History,Assessment 2,2026-03-20,58.0,100.0,50.0
S068,History,Assessment 3,2026-06-20,54.0,100.0,50.0
S068,Geography,Assessment 1,2026-01-20,62.0,100.0,50.0
S068,Geography,Assessment 2,2026-03-20,58.0,100.0,50.0
S068,Geography,Assessment 3,2026-06-20,54.0,100.0,50.0
S069,Maths,Assessment 1,2026-01-20,56.0,100.0,50.0
S069,Maths,Assessment 2,2026-03-20,54.0,100.0,50.0
S069,Maths,Assessment 3,2026-06-20,51.0,100.0,50.0
S069,English,Assessment 1,2026-01-20,56.0,100.0,50.0
S069,English,Assessment 2,2026-03-20,54.0,100.0,50.0
S069,English,Assessment 3,2026-06-20,51.0,100.0,50.0
S069,Science,Assessment 1,2026-01-20,56.0,100.0,50.0
S069,Science,Assessment 2,2026-03-20,54.0,100.0,50.0
S069,Science,Assessment 3,2026-06-20,51.0,100.0,50.0
S069,History,Assessment 1,2026-01-20,56.0,100.0,50.0
S069,History,Assessment 2,2026-03-20,54.0,100.0,50.0
S069,History,Assessment 3,2026-06-20,51.0,100.0,50.0
S069,Geography,Assessment 1,2026-01-20,56.0,100.0,50.0
S069,Geography,Assessment 2,2026-03-20,54.0,100.0,50.0
S069,Geography,Assessment 3,2026-06-20,51.0,100.0,50.0
S070,Maths,Assessment 1,2026-01-20,65.0,100.0,50.0
S070,English,Assessment 1,2026-01-20,65.0,100.0,50.0
S070,Science,Assessment 1,2026-01-20,65.0,100.0,50.0
S070,History,Assessment 1,2026-01-20,65.0,100.0,50.0
S070,Geography,Assessment 1,2026-01-20,65.0,100.0,50.0
S071,Maths,Assessment 1,2026-01-20,48.0,100.0,50.0
S071,Maths,Assessment 2,2026-03-20,42.0,100.0,50.0
S071,Maths,Assessment 3,2026-06-20,35.0,100.0,50.0
S071,English,Assessment 1,2026-01-20,48.0,100.0,50.0
S071,English,Assessment 2,2026-03-20,42.0,100.0,50.0
S071,English,Assessment 3,2026-06-20,35.0,100.0,50.0
S071,Science,Assessment 1,2026-01-20,48.0,100.0,50.0
S071,Science,Assessment 2,2026-03-20,42.0,100.0,50.0
S071,Science,Assessment 3,2026-06-20,35.0,100.0,50.0
S071,History,Assessment 1,2026-01-20,48.0,100.0,50.0
S071,History,Assessment 2,2026-03-20,42.0,100.0,50.0
S071,History,Assessment 3,2026-06-20,35.0,100.0,50.0
S071,Geography,Assessment 1,2026-01-20,48.0,100.0,50.0
S071,Geography,Assessment 2,2026-03-20,42.0,100.0,50.0
S071,Geography,Assessment 3,2026-06-20,35.0,100.0,50.0
S072,Maths,Assessment 1,2026-01-20,46.0,100.0,50.0
S072,Maths,Assessment 2,2026-03-20,43.0,100.0,50.0
S072,Maths,Assessment 3,2026-06-20,39.0,100.0,50.0
S072,English,Assessment 1,2026-01-20,46.0,100.0,50.0
S072,English,Assessment 2,2026-03-20,43.0,100.0,50.0
S072,English,Assessment 3,2026-06-20,39.0,100.0,50.0
S072,Science,Assessment 1,2026-01-20,46.0,100.0,50.0
S072,Science,Assessment 2,2026-03-20,43.0,100.0,50.0
S072,Science,Assessment 3,2026-06-20,39.0,100.0,50.0
S072,History,Assessment 1,2026-01-20,46.0,100.0,50.0
S072,History,Assessment 2,2026-03-20,43.0,100.0,50.0
S072,History,Assessment 3,2026-06-20,39.0,100.0,50.0
S072,Geography,Assessment 1,2026-01-20,46.0,100.0,50.0
S072,Geography,Assessment 2,2026-03-20,43.0,100.0,50.0
S072,Geography,Assessment 3,2026-06-20,39.0,100.0,50.0
S073,Maths,Assessment 1,2026-01-20,49.0,100.0,50.0
S073,Maths,Assessment 2,2026-03-20,45.0,100.0,50.0
S073,Maths,Assessment 3,2026-06-20,41.0,100.0,50.0
S073,English,Assessment 1,2026-01-20,49.0,100.0,50.0
S073,English,Assessment 2,2026-03-20,45.0,100.0,50.0
S073,English,Assessment 3,2026-06-20,41.0,100.0,50.0
S073,Science,Assessment 1,2026-01-20,49.0,100.0,50.0
S073,Science,Assessment 2,2026-03-20,45.0,100.0,50.0
S073,Science,Assessment 3,2026-06-20,41.0,100.0,50.0
S073,History,Assessment 1,2026-01-20,49.0,100.0,50.0
S073,History,Assessment 2,2026-03-20,45.0,100.0,50.0
S073,History,Assessment 3,2026-06-20,41.0,100.0,50.0
S073,Geography,Assessment 1,2026-01-20,49.0,100.0,50.0
S073,Geography,Assessment 2,2026-03-20,45.0,100.0,50.0
S073,Geography,Assessment 3,2026-06-20,41.0,100.0,50.0
S074,Maths,Assessment 1,2026-01-20,68.0,100.0,50.0
S074,Maths,Assessment 2,2026-03-20,76.0,100.0,50.0
S074,Maths,Assessment 3,2026-06-20,82.0,100.0,50.0
S074,English,Assessment 1,2026-01-20,68.0,100.0,50.0
S074,English,Assessment 2,2026-03-20,76.0,100.0,50.0
S074,English,Assessment 3,2026-06-20,82.0,100.0,50.0
S074,Science,Assessment 1,2026-01-20,68.0,100.0,50.0
S074,Science,Assessment 2,2026-03-20,76.0,100.0,50.0
S074,Science,Assessment 3,2026-06-20,82.0,100.0,50.0
S074,History,Assessment 1,2026-01-20,68.0,100.0,50.0
S074,History,Assessment 2,2026-03-20,76.0,100.0,50.0
S074,History,Assessment 3,2026-06-20,82.0,100.0,50.0
S074,Geography,Assessment 1,2026-01-20,68.0,100.0,50.0
S074,Geography,Assessment 2,2026-03-20,76.0,100.0,50.0
S074,Geography,Assessment 3,2026-06-20,82.0,100.0,50.0
S075,Maths,Assessment 1,2026-01-20,75.0,100.0,50.0
S075,Maths,Assessment 2,2026-03-20,80.0,100.0,50.0
S075,Maths,Assessment 3,2026-06-20,86.0,100.0,50.0
S075,English,Assessment 1,2026-01-20,75.0,100.0,50.0
S075,English,Assessment 2,2026-03-20,80.0,100.0,50.0
S075,English,Assessment 3,2026-06-20,86.0,100.0,50.0
S075,Science,Assessment 1,2026-01-20,75.0,100.0,50.0
S075,Science,Assessment 2,2026-03-20,80.0,100.0,50.0
S075,Science,Assessment 3,2026-06-20,86.0,100.0,50.0
S075,History,Assessment 1,2026-01-20,75.0,100.0,50.0
S075,History,Assessment 2,2026-03-20,80.0,100.0,50.0
S075,History,Assessment 3,2026-06-20,86.0,100.0,50.0
S075,Geography,Assessment 1,2026-01-20,75.0,100.0,50.0
S075,Geography,Assessment 2,2026-03-20,80.0,100.0,50.0
S075,Geography,Assessment 3,2026-06-20,86.0,100.0,50.0
S076,Maths,Assessment 1,2026-01-20,65.0,100.0,50.0
S076,Maths,Assessment 2,2026-03-20,72.0,100.0,50.0
S076,Maths,Assessment 3,2026-06-20,78.0,100.0,50.0
S076,English,Assessment 1,2026-01-20,65.0,100.0,50.0
S076,English,Assessment 2,2026-03-20,72.0,100.0,50.0
S076,English,Assessment 3,2026-06-20,78.0,100.0,50.0
S076,Science,Assessment 1,2026-01-20,65.0,100.0,50.0
S076,Science,Assessment 2,2026-03-20,72.0,100.0,50.0
S076,Science,Assessment 3,2026-06-20,78.0,100.0,50.0
S076,History,Assessment 1,2026-01-20,65.0,100.0,50.0
S076,History,Assessment 2,2026-03-20,72.0,100.0,50.0
S076,History,Assessment 3,2026-06-20,78.0,100.0,50.0
S076,Geography,Assessment 1,2026-01-20,65.0,100.0,50.0
S076,Geography,Assessment 2,2026-03-20,72.0,100.0,50.0
S076,Geography,Assessment 3,2026-06-20,78.0,100.0,50.0
S077,Maths,Assessment 1,2026-01-20,58.0,100.0,50.0
S077,Maths,Assessment 2,2026-03-20,55.0,100.0,50.0
S077,Maths,Assessment 3,2026-06-20,52.0,100.0,50.0
S077,English,Assessment 1,2026-01-20,58.0,100.0,50.0
S077,English,Assessment 2,2026-03-20,55.0,100.0,50.0
S077,English,Assessment 3,2026-06-20,52.0,100.0,50.0
S077,Science,Assessment 1,2026-01-20,58.0,100.0,50.0
S077,Science,Assessment 2,2026-03-20,55.0,100.0,50.0
S077,Science,Assessment 3,2026-06-20,52.0,100.0,50.0
S077,History,Assessment 1,2026-01-20,58.0,100.0,50.0
S077,History,Assessment 2,2026-03-20,55.0,100.0,50.0
S077,History,Assessment 3,2026-06-20,52.0,100.0,50.0
S077,Geography,Assessment 1,2026-01-20,58.0,100.0,50.0
S077,Geography,Assessment 2,2026-03-20,55.0,100.0,50.0
S077,Geography,Assessment 3,2026-06-20,52.0,100.0,50.0
S078,Maths,Assessment 1,2026-01-20,62.0,100.0,50.0
S078,Maths,Assessment 2,2026-03-20,58.0,100.0,50.0
S078,Maths,Assessment 3,2026-06-20,54.0,100.0,50.0
S078,English,Assessment 1,2026-01-20,62.0,100.0,50.0
S078,English,Assessment 2,2026-03-20,58.0,100.0,50.0
S078,English,Assessment 3,2026-06-20,54.0,100.0,50.0
S078,Science,Assessment 1,2026-01-20,62.0,100.0,50.0
S078,Science,Assessment 2,2026-03-20,58.0,100.0,50.0
S078,Science,Assessment 3,2026-06-20,54.0,100.0,50.0
S078,History,Assessment 1,2026-01-20,62.0,100.0,50.0
S078,History,Assessment 2,2026-03-20,58.0,100.0,50.0
S078,History,Assessment 3,2026-06-20,54.0,100.0,50.0
S078,Geography,Assessment 1,2026-01-20,62.0,100.0,50.0
S078,Geography,Assessment 2,2026-03-20,58.0,100.0,50.0
S078,Geography,Assessment 3,2026-06-20,54.0,100.0,50.0
S079,Maths,Assessment 1,2026-01-20,56.0,100.0,50.0
S079,Maths,Assessment 2,2026-03-20,54.0,100.0,50.0
S079,Maths,Assessment 3,2026-06-20,51.0,100.0,50.0
S079,English,Assessment 1,2026-01-20,56.0,100.0,50.0
S079,English,Assessment 2,2026-03-20,54.0,100.0,50.0
S079,English,Assessment 3,2026-06-20,51.0,100.0,50.0
S079,Science,Assessment 1,2026-01-20,56.0,100.0,50.0
S079,Science,Assessment 2,2026-03-20,54.0,100.0,50.0
S079,Science,Assessment 3,2026-06-20,51.0,100.0,50.0
S079,History,Assessment 1,2026-01-20,56.0,100.0,50.0
S079,History,Assessment 2,2026-03-20,54.0,100.0,50.0
S079,History,Assessment 3,2026-06-20,51.0,100.0,50.0
S079,Geography,Assessment 1,2026-01-20,56.0,100.0,50.0
S079,Geography,Assessment 2,2026-03-20,54.0,100.0,50.0
S079,Geography,Assessment 3,2026-06-20,51.0,100.0,50.0
S080,Maths,Assessment 1,2026-01-20,65.0,100.0,50.0
S080,English,Assessment 1,2026-01-20,65.0,100.0,50.0
S080,Science,Assessment 1,2026-01-20,65.0,100.0,50.0
S080,History,Assessment 1,2026-01-20,65.0,100.0,50.0
S080,Geography,Assessment 1,2026-01-20,65.0,100.0,50.0
S081,Maths,Assessment 1,2026-01-20,48.0,100.0,50.0
S081,Maths,Assessment 2,2026-03-20,42.0,100.0,50.0
S081,Maths,Assessment 3,2026-06-20,35.0,100.0,50.0
S081,English,Assessment 1,2026-01-20,48.0,100.0,50.0
S081,English,Assessment 2,2026-03-20,42.0,100.0,50.0
S081,English,Assessment 3,2026-06-20,35.0,100.0,50.0
S081,Science,Assessment 1,2026-01-20,48.0,100.0,50.0
S081,Science,Assessment 2,2026-03-20,42.0,100.0,50.0
S081,Science,Assessment 3,2026-06-20,35.0,100.0,50.0
S081,History,Assessment 1,2026-01-20,48.0,100.0,50.0
S081,History,Assessment 2,2026-03-20,42.0,100.0,50.0
S081,History,Assessment 3,2026-06-20,35.0,100.0,50.0
S081,Geography,Assessment 1,2026-01-20,48.0,100.0,50.0
S081,Geography,Assessment 2,2026-03-20,42.0,100.0,50.0
S081,Geography,Assessment 3,2026-06-20,35.0,100.0,50.0
S082,Maths,Assessment 1,2026-01-20,46.0,100.0,50.0
S082,Maths,Assessment 2,2026-03-20,43.0,100.0,50.0
S082,Maths,Assessment 3,2026-06-20,39.0,100.0,50.0
S082,English,Assessment 1,2026-01-20,46.0,100.0,50.0
S082,English,Assessment 2,2026-03-20,43.0,100.0,50.0
S082,English,Assessment 3,2026-06-20,39.0,100.0,50.0
S082,Science,Assessment 1,2026-01-20,46.0,100.0,50.0
S082,Science,Assessment 2,2026-03-20,43.0,100.0,50.0
S082,Science,Assessment 3,2026-06-20,39.0,100.0,50.0
S082,History,Assessment 1,2026-01-20,46.0,100.0,50.0
S082,History,Assessment 2,2026-03-20,43.0,100.0,50.0
S082,History,Assessment 3,2026-06-20,39.0,100.0,50.0
S082,Geography,Assessment 1,2026-01-20,46.0,100.0,50.0
S082,Geography,Assessment 2,2026-03-20,43.0,100.0,50.0
S082,Geography,Assessment 3,2026-06-20,39.0,100.0,50.0
S083,Maths,Assessment 1,2026-01-20,49.0,100.0,50.0
S083,Maths,Assessment 2,2026-03-20,45.0,100.0,50.0
S083,Maths,Assessment 3,2026-06-20,41.0,100.0,50.0
S083,English,Assessment 1,2026-01-20,49.0,100.0,50.0
S083,English,Assessment 2,2026-03-20,45.0,100.0,50.0
S083,English,Assessment 3,2026-06-20,41.0,100.0,50.0
S083,Science,Assessment 1,2026-01-20,49.0,100.0,50.0
S083,Science,Assessment 2,2026-03-20,45.0,100.0,50.0
S083,Science,Assessment 3,2026-06-20,41.0,100.0,50.0
S083,History,Assessment 1,2026-01-20,49.0,100.0,50.0
S083,History,Assessment 2,2026-03-20,45.0,100.0,50.0
S083,History,Assessment 3,2026-06-20,41.0,100.0,50.0
S083,Geography,Assessment 1,2026-01-20,49.0,100.0,50.0
S083,Geography,Assessment 2,2026-03-20,45.0,100.0,50.0
S083,Geography,Assessment 3,2026-06-20,41.0,100.0,50.0
S084,Maths,Assessment 1,2026-01-20,68.0,100.0,50.0
S084,Maths,Assessment 2,2026-03-20,76.0,100.0,50.0
S084,Maths,Assessment 3,2026-06-20,82.0,100.0,50.0
S084,English,Assessment 1,2026-01-20,68.0,100.0,50.0
S084,English,Assessment 2,2026-03-20,76.0,100.0,50.0
S084,English,Assessment 3,2026-06-20,82.0,100.0,50.0
S084,Science,Assessment 1,2026-01-20,68.0,100.0,50.0
S084,Science,Assessment 2,2026-03-20,76.0,100.0,50.0
S084,Science,Assessment 3,2026-06-20,82.0,100.0,50.0
S084,History,Assessment 1,2026-01-20,68.0,100.0,50.0
S084,History,Assessment 2,2026-03-20,76.0,100.0,50.0
S084,History,Assessment 3,2026-06-20,82.0,100.0,50.0
S084,Geography,Assessment 1,2026-01-20,68.0,100.0,50.0
S084,Geography,Assessment 2,2026-03-20,76.0,100.0,50.0
S084,Geography,Assessment 3,2026-06-20,82.0,100.0,50.0
S085,Maths,Assessment 1,2026-01-20,75.0,100.0,50.0
S085,Maths,Assessment 2,2026-03-20,80.0,100.0,50.0
S085,Maths,Assessment 3,2026-06-20,86.0,100.0,50.0
S085,English,Assessment 1,2026-01-20,75.0,100.0,50.0
S085,English,Assessment 2,2026-03-20,80.0,100.0,50.0
S085,English,Assessment 3,2026-06-20,86.0,100.0,50.0
S085,Science,Assessment 1,2026-01-20,75.0,100.0,50.0
S085,Science,Assessment 2,2026-03-20,80.0,100.0,50.0
S085,Science,Assessment 3,2026-06-20,86.0,100.0,50.0
S085,History,Assessment 1,2026-01-20,75.0,100.0,50.0
S085,History,Assessment 2,2026-03-20,80.0,100.0,50.0
S085,History,Assessment 3,2026-06-20,86.0,100.0,50.0
S085,Geography,Assessment 1,2026-01-20,75.0,100.0,50.0
S085,Geography,Assessment 2,2026-03-20,80.0,100.0,50.0
S085,Geography,Assessment 3,2026-06-20,86.0,100.0,50.0
S086,Maths,Assessment 1,2026-01-20,65.0,100.0,50.0
S086,Maths,Assessment 2,2026-03-20,72.0,100.0,50.0
S086,Maths,Assessment 3,2026-06-20,78.0,100.0,50.0
S086,English,Assessment 1,2026-01-20,65.0,100.0,50.0
S086,English,Assessment 2,2026-03-20,72.0,100.0,50.0
S086,English,Assessment 3,2026-06-20,78.0,100.0,50.0
S086,Science,Assessment 1,2026-01-20,65.0,100.0,50.0
S086,Science,Assessment 2,2026-03-20,72.0,100.0,50.0
S086,Science,Assessment 3,2026-06-20,78.0,100.0,50.0
S086,History,Assessment 1,2026-01-20,65.0,100.0,50.0
S086,History,Assessment 2,2026-03-20,72.0,100.0,50.0
S086,History,Assessment 3,2026-06-20,78.0,100.0,50.0
S086,Geography,Assessment 1,2026-01-20,65.0,100.0,50.0
S086,Geography,Assessment 2,2026-03-20,72.0,100.0,50.0
S086,Geography,Assessment 3,2026-06-20,78.0,100.0,50.0
S087,Maths,Assessment 1,2026-01-20,58.0,100.0,50.0
S087,Maths,Assessment 2,2026-03-20,55.0,100.0,50.0
S087,Maths,Assessment 3,2026-06-20,52.0,100.0,50.0
S087,English,Assessment 1,2026-01-20,58.0,100.0,50.0
S087,English,Assessment 2,2026-03-20,55.0,100.0,50.0
S087,English,Assessment 3,2026-06-20,52.0,100.0,50.0
S087,Science,Assessment 1,2026-01-20,58.0,100.0,50.0
S087,Science,Assessment 2,2026-03-20,55.0,100.0,50.0
S087,Science,Assessment 3,2026-06-20,52.0,100.0,50.0
S087,History,Assessment 1,2026-01-20,58.0,100.0,50.0
S087,History,Assessment 2,2026-03-20,55.0,100.0,50.0
S087,History,Assessment 3,2026-06-20,52.0,100.0,50.0
S087,Geography,Assessment 1,2026-01-20,58.0,100.0,50.0
S087,Geography,Assessment 2,2026-03-20,55.0,100.0,50.0
S087,Geography,Assessment 3,2026-06-20,52.0,100.0,50.0
S088,Maths,Assessment 1,2026-01-20,62.0,100.0,50.0
S088,Maths,Assessment 2,2026-03-20,58.0,100.0,50.0
S088,Maths,Assessment 3,2026-06-20,54.0,100.0,50.0
S088,English,Assessment 1,2026-01-20,62.0,100.0,50.0
S088,English,Assessment 2,2026-03-20,58.0,100.0,50.0
S088,English,Assessment 3,2026-06-20,54.0,100.0,50.0
S088,Science,Assessment 1,2026-01-20,62.0,100.0,50.0
S088,Science,Assessment 2,2026-03-20,58.0,100.0,50.0
S088,Science,Assessment 3,2026-06-20,54.0,100.0,50.0
S088,History,Assessment 1,2026-01-20,62.0,100.0,50.0
S088,History,Assessment 2,2026-03-20,58.0,100.0,50.0
S088,History,Assessment 3,2026-06-20,54.0,100.0,50.0
S088,Geography,Assessment 1,2026-01-20,62.0,100.0,50.0
S088,Geography,Assessment 2,2026-03-20,58.0,100.0,50.0
S088,Geography,Assessment 3,2026-06-20,54.0,100.0,50.0
S089,Maths,Assessment 1,2026-01-20,56.0,100.0,50.0
S089,Maths,Assessment 2,2026-03-20,54.0,100.0,50.0
S089,Maths,Assessment 3,2026-06-20,51.0,100.0,50.0
S089,English,Assessment 1,2026-01-20,56.0,100.0,50.0
S089,English,Assessment 2,2026-03-20,54.0,100.0,50.0
S089,English,Assessment 3,2026-06-20,51.0,100.0,50.0
S089,Science,Assessment 1,2026-01-20,56.0,100.0,50.0
S089,Science,Assessment 2,2026-03-20,54.0,100.0,50.0
S089,Science,Assessment 3,2026-06-20,51.0,100.0,50.0
S089,History,Assessment 1,2026-01-20,56.0,100.0,50.0
S089,History,Assessment 2,2026-03-20,54.0,100.0,50.0
S089,History,Assessment 3,2026-06-20,51.0,100.0,50.0
S089,Geography,Assessment 1,2026-01-20,56.0,100.0,50.0
S089,Geography,Assessment 2,2026-03-20,54.0,100.0,50.0
S089,Geography,Assessment 3,2026-06-20,51.0,100.0,50.0
S090,Maths,Assessment 1,2026-01-20,65.0,100.0,50.0
S090,English,Assessment 1,2026-01-20,65.0,100.0,50.0
S090,Science,Assessment 1,2026-01-20,65.0,100.0,50.0
S090,History,Assessment 1,2026-01-20,65.0,100.0,50.0
S090,Geography,Assessment 1,2026-01-20,65.0,100.0,50.0
S091,Maths,Assessment 1,2026-01-20,48.0,100.0,50.0
S091,Maths,Assessment 2,2026-03-20,42.0,100.0,50.0
S091,Maths,Assessment 3,2026-06-20,35.0,100.0,50.0
S091,English,Assessment 1,2026-01-20,48.0,100.0,50.0
S091,English,Assessment 2,2026-03-20,42.0,100.0,50.0
S091,English,Assessment 3,2026-06-20,35.0,100.0,50.0
S091,Science,Assessment 1,2026-01-20,48.0,100.0,50.0
S091,Science,Assessment 2,2026-03-20,42.0,100.0,50.0
S091,Science,Assessment 3,2026-06-20,35.0,100.0,50.0
S091,History,Assessment 1,2026-01-20,48.0,100.0,50.0
S091,History,Assessment 2,2026-03-20,42.0,100.0,50.0
S091,History,Assessment 3,2026-06-20,35.0,100.0,50.0
S091,Geography,Assessment 1,2026-01-20,48.0,100.0,50.0
S091,Geography,Assessment 2,2026-03-20,42.0,100.0,50.0
S091,Geography,Assessment 3,2026-06-20,35.0,100.0,50.0
S092,Maths,Assessment 1,2026-01-20,46.0,100.0,50.0
S092,Maths,Assessment 2,2026-03-20,43.0,100.0,50.0
S092,Maths,Assessment 3,2026-06-20,39.0,100.0,50.0
S092,English,Assessment 1,2026-01-20,46.0,100.0,50.0
S092,English,Assessment 2,2026-03-20,43.0,100.0,50.0
S092,English,Assessment 3,2026-06-20,39.0,100.0,50.0
S092,Science,Assessment 1,2026-01-20,46.0,100.0,50.0
S092,Science,Assessment 2,2026-03-20,43.0,100.0,50.0
S092,Science,Assessment 3,2026-06-20,39.0,100.0,50.0
S092,History,Assessment 1,2026-01-20,46.0,100.0,50.0
S092,History,Assessment 2,2026-03-20,43.0,100.0,50.0
S092,History,Assessment 3,2026-06-20,39.0,100.0,50.0
S092,Geography,Assessment 1,2026-01-20,46.0,100.0,50.0
S092,Geography,Assessment 2,2026-03-20,43.0,100.0,50.0
S092,Geography,Assessment 3,2026-06-20,39.0,100.0,50.0
S093,Maths,Assessment 1,2026-01-20,49.0,100.0,50.0
S093,Maths,Assessment 2,2026-03-20,45.0,100.0,50.0
S093,Maths,Assessment 3,2026-06-20,41.0,100.0,50.0
S093,English,Assessment 1,2026-01-20,49.0,100.0,50.0
S093,English,Assessment 2,2026-03-20,45.0,100.0,50.0
S093,English,Assessment 3,2026-06-20,41.0,100.0,50.0
S093,Science,Assessment 1,2026-01-20,49.0,100.0,50.0
S093,Science,Assessment 2,2026-03-20,45.0,100.0,50.0
S093,Science,Assessment 3,2026-06-20,41.0,100.0,50.0
S093,History,Assessment 1,2026-01-20,49.0,100.0,50.0
S093,History,Assessment 2,2026-03-20,45.0,100.0,50.0
S093,History,Assessment 3,2026-06-20,41.0,100.0,50.0
S093,Geography,Assessment 1,2026-01-20,49.0,100.0,50.0
S093,Geography,Assessment 2,2026-03-20,45.0,100.0,50.0
S093,Geography,Assessment 3,2026-06-20,41.0,100.0,50.0
S094,Maths,Assessment 1,2026-01-20,68.0,100.0,50.0
S094,Maths,Assessment 2,2026-03-20,76.0,100.0,50.0
S094,Maths,Assessment 3,2026-06-20,82.0,100.0,50.0
S094,English,Assessment 1,2026-01-20,68.0,100.0,50.0
S094,English,Assessment 2,2026-03-20,76.0,100.0,50.0
S094,English,Assessment 3,2026-06-20,82.0,100.0,50.0
S094,Science,Assessment 1,2026-01-20,68.0,100.0,50.0
S094,Science,Assessment 2,2026-03-20,76.0,100.0,50.0
S094,Science,Assessment 3,2026-06-20,82.0,100.0,50.0
S094,History,Assessment 1,2026-01-20,68.0,100.0,50.0
S094,History,Assessment 2,2026-03-20,76.0,100.0,50.0
S094,History,Assessment 3,2026-06-20,82.0,100.0,50.0
S094,Geography,Assessment 1,2026-01-20,68.0,100.0,50.0
S094,Geography,Assessment 2,2026-03-20,76.0,100.0,50.0
S094,Geography,Assessment 3,2026-06-20,82.0,100.0,50.0
S095,Maths,Assessment 1,2026-01-20,75.0,100.0,50.0
S095,Maths,Assessment 2,2026-03-20,80.0,100.0,50.0
S095,Maths,Assessment 3,2026-06-20,86.0,100.0,50.0
S095,English,Assessment 1,2026-01-20,75.0,100.0,50.0
S095,English,Assessment 2,2026-03-20,80.0,100.0,50.0
S095,English,Assessment 3,2026-06-20,86.0,100.0,50.0
S095,Science,Assessment 1,2026-01-20,75.0,100.0,50.0
S095,Science,Assessment 2,2026-03-20,80.0,100.0,50.0
S095,Science,Assessment 3,2026-06-20,86.0,100.0,50.0
S095,History,Assessment 1,2026-01-20,75.0,100.0,50.0
S095,History,Assessment 2,2026-03-20,80.0,100.0,50.0
S095,History,Assessment 3,2026-06-20,86.0,100.0,50.0
S095,Geography,Assessment 1,2026-01-20,75.0,100.0,50.0
S095,Geography,Assessment 2,2026-03-20,80.0,100.0,50.0
S095,Geography,Assessment 3,2026-06-20,86.0,100.0,50.0
S096,Maths,Assessment 1,2026-01-20,65.0,100.0,50.0
S096,Maths,Assessment 2,2026-03-20,72.0,100.0,50.0
S096,Maths,Assessment 3,2026-06-20,78.0,100.0,50.0
S096,English,Assessment 1,2026-01-20,65.0,100.0,50.0
S096,English,Assessment 2,2026-03-20,72.0,100.0,50.0
S096,English,Assessment 3,2026-06-20,78.0,100.0,50.0
S096,Science,Assessment 1,2026-01-20,65.0,100.0,50.0
S096,Science,Assessment 2,2026-03-20,72.0,100.0,50.0
S096,Science,Assessment 3,2026-06-20,78.0,100.0,50.0
S096,History,Assessment 1,2026-01-20,65.0,100.0,50.0
S096,History,Assessment 2,2026-03-20,72.0,100.0,50.0
S096,History,Assessment 3,2026-06-20,78.0,100.0,50.0
S096,Geography,Assessment 1,2026-01-20,65.0,100.0,50.0
S096,Geography,Assessment 2,2026-03-20,72.0,100.0,50.0
S096,Geography,Assessment 3,2026-06-20,78.0,100.0,50.0
S097,Maths,Assessment 1,2026-01-20,58.0,100.0,50.0
S097,Maths,Assessment 2,2026-03-20,55.0,100.0,50.0
S097,Maths,Assessment 3,2026-06-20,52.0,100.0,50.0
S097,English,Assessment 1,2026-01-20,58.0,100.0,50.0
S097,English,Assessment 2,2026-03-20,55.0,100.0,50.0
S097,English,Assessment 3,2026-06-20,52.0,100.0,50.0
S097,Science,Assessment 1,2026-01-20,58.0,100.0,50.0
S097,Science,Assessment 2,2026-03-20,55.0,100.0,50.0
S097,Science,Assessment 3,2026-06-20,52.0,100.0,50.0
S097,History,Assessment 1,2026-01-20,58.0,100.0,50.0
S097,History,Assessment 2,2026-03-20,55.0,100.0,50.0
S097,History,Assessment 3,2026-06-20,52.0,100.0,50.0
S097,Geography,Assessment 1,2026-01-20,58.0,100.0,50.0
S097,Geography,Assessment 2,2026-03-20,55.0,100.0,50.0
S097,Geography,Assessment 3,2026-06-20,52.0,100.0,50.0
S098,Maths,Assessment 1,2026-01-20,62.0,100.0,50.0
S098,Maths,Assessment 2,2026-03-20,58.0,100.0,50.0
S098,Maths,Assessment 3,2026-06-20,54.0,100.0,50.0
S098,English,Assessment 1,2026-01-20,62.0,100.0,50.0
S098,English,Assessment 2,2026-03-20,58.0,100.0,50.0
S098,English,Assessment 3,2026-06-20,54.0,100.0,50.0
S098,Science,Assessment 1,2026-01-20,62.0,100.0,50.0
S098,Science,Assessment 2,2026-03-20,58.0,100.0,50.0
S098,Science,Assessment 3,2026-06-20,54.0,100.0,50.0
S098,History,Assessment 1,2026-01-20,62.0,100.0,50.0
S098,History,Assessment 2,2026-03-20,58.0,100.0,50.0
S098,History,Assessment 3,2026-06-20,54.0,100.0,50.0
S098,Geography,Assessment 1,2026-01-20,62.0,100.0,50.0
S098,Geography,Assessment 2,2026-03-20,58.0,100.0,50.0
S098,Geography,Assessment 3,2026-06-20,54.0,100.0,50.0
S099,Maths,Assessment 1,2026-01-20,56.0,100.0,50.0
S099,Maths,Assessment 2,2026-03-20,54.0,100.0,50.0
S099,Maths,Assessment 3,2026-06-20,51.0,100.0,50.0
S099,English,Assessment 1,2026-01-20,56.0,100.0,50.0
S099,English,Assessment 2,2026-03-20,54.0,100.0,50.0
S099,English,Assessment 3,2026-06-20,51.0,100.0,50.0
S099,Science,Assessment 1,2026-01-20,56.0,100.0,50.0
S099,Science,Assessment 2,2026-03-20,54.0,100.0,50.0
S099,Science,Assessment 3,2026-06-20,51.0,100.0,50.0
S099,History,Assessment 1,2026-01-20,56.0,100.0,50.0
S099,History,Assessment 2,2026-03-20,54.0,100.0,50.0
S099,History,Assessment 3,2026-06-20,51.0,100.0,50.0
S099,Geography,Assessment 1,2026-01-20,56.0,100.0,50.0
S099,Geography,Assessment 2,2026-03-20,54.0,100.0,50.0
S099,Geography,Assessment 3,2026-06-20,51.0,100.0,50.0
S100,Maths,Assessment 1,2026-01-20,65.0,100.0,50.0
S100,English,Assessment 1,2026-01-20,65.0,100.0,50.0
S100,Science,Assessment 1,2026-01-20,65.0,100.0,50.0
S100,History,Assessment 1,2026-01-20,65.0,100.0,50.0
S100,Geography,Assessment 1,2026-01-20,65.0,100.0,50.0
